,County Name-value,County Name-alias,Measure Names-value,Measure Names-alias,Measure Values-alias
0,Wright,Wright,[sqlproxy.007hk6n1m17pjz15wwilw0ijzhd4].[usr:COVID-19 Doses Administered (copy)_1776951594528882689:qk],7-Day COVID-19 Doses Administered,387
1,Worth,Worth,[sqlproxy.007hk6n1m17pjz15wwilw0ijzhd4].[usr:COVID-19 Doses Administered (copy)_1776951594528882689:qk],7-Day COVID-19 Doses Administered,192
2,Webster,Webster,[sqlproxy.007hk6n1m17pjz15wwilw0ijzhd4].[usr:COVID-19 Doses Administered (copy)_1776951594528882689:qk],7-Day COVID-19 Doses Administered,696
3,Wayne,Wayne,[sqlproxy.007hk6n1m17pjz15wwilw0ijzhd4].[usr:COVID-19 Doses Administered (copy)_1776951594528882689:qk],7-Day COVID-19 Doses Administered,269
4,Washington,Washington,[sqlproxy.007hk6n1m17pjz15wwilw0ijzhd4].[usr:COVID-19 Doses Administered (copy)_1776951594528882689:qk],7-Day COVID-19 Doses Administered,360
5,Warren,Warren,[sqlproxy.007hk6n1m17pjz15wwilw0ijzhd4].[usr:COVID-19 Doses Administered (copy)_1776951594528882689:qk],7-Day COVID-19 Doses Administered,486
6,Vernon,Vernon,[sqlproxy.007hk6n1m17pjz15wwilw0ijzhd4].[usr:COVID-19 Doses Administered (copy)_1776951594528882689:qk],7-Day COVID-19 Doses Administered,665
7,Texas,Texas,[sqlproxy.007hk6n1m17pjz15wwilw0ijzhd4].[usr:COVID-19 Doses Administered (copy)_1776951594528882689:qk],7-Day COVID-19 Doses Administered,936
8,Taney,Taney,[sqlproxy.007hk6n1m17pjz15wwilw0ijzhd4].[usr:COVID-19 Doses Administered (copy)_1776951594528882689:qk],7-Day COVID-19 Doses Administered,794
9,Sullivan,Sullivan,[sqlproxy.007hk6n1m17pjz15wwilw0ijzhd4].[usr:COVID-19 Doses Administered (copy)_1776951594528882689:qk],7-Day COVID-19 Doses Administered,358
10,Stone,Stone,[sqlproxy.007hk6n1m17pjz15wwilw0ijzhd4].[usr:COVID-19 Doses Administered (copy)_1776951594528882689:qk],7-Day COVID-19 Doses Administered,"1,082"
11,Stoddard,Stoddard,[sqlproxy.007hk6n1m17pjz15wwilw0ijzhd4].[usr:COVID-19 Doses Administered (copy)_1776951594528882689:qk],7-Day COVID-19 Doses Administered,471
12,Ste. Genevieve,Ste. Genevieve,[sqlproxy.007hk6n1m17pjz15wwilw0ijzhd4].[usr:COVID-19 Doses Administered (copy)_1776951594528882689:qk],7-Day COVID-19 Doses Administered,881
13,St. Louis City,St. Louis City,[sqlproxy.007hk6n1m17pjz15wwilw0ijzhd4].[usr:COVID-19 Doses Administered (copy)_1776951594528882689:qk],7-Day COVID-19 Doses Administered,"4,287"
14,St. Louis,St. Louis,[sqlproxy.007hk6n1m17pjz15wwilw0ijzhd4].[usr:COVID-19 Doses Administered (copy)_1776951594528882689:qk],7-Day COVID-19 Doses Administered,"20,701"
15,St. Francois,St. Francois,[sqlproxy.007hk6n1m17pjz15wwilw0ijzhd4].[usr:COVID-19 Doses Administered (copy)_1776951594528882689:qk],7-Day COVID-19 Doses Administered,"1,196"
16,St. Clair,St. Clair,[sqlproxy.007hk6n1m17pjz15wwilw0ijzhd4].[usr:COVID-19 Doses Administered (copy)_1776951594528882689:qk],7-Day COVID-19 Doses Administered,138
17,St. Charles,St. Charles,[sqlproxy.007hk6n1m17pjz15wwilw0ijzhd4].[usr:COVID-19 Doses Administered (copy)_1776951594528882689:qk],7-Day COVID-19 Doses Administered,"7,808"
18,Shelby,Shelby,[sqlproxy.007hk6n1m17pjz15wwilw0ijzhd4].[usr:COVID-19 Doses Administered (copy)_1776951594528882689:qk],7-Day COVID-19 Doses Administered,323
19,Shannon,Shannon,[sqlproxy.007hk6n1m17pjz15wwilw0ijzhd4].[usr:COVID-19 Doses Administered (copy)_1776951594528882689:qk],7-Day COVID-19 Doses Administered,191
20,Scott,Scott,[sqlproxy.007hk6n1m17pjz15wwilw0ijzhd4].[usr:COVID-19 Doses Administered (copy)_1776951594528882689:qk],7-Day COVID-19 Doses Administered,847
21,Scotland,Scotland,[sqlproxy.007hk6n1m17pjz15wwilw0ijzhd4].[usr:COVID-19 Doses Administered (copy)_1776951594528882689:qk],7-Day COVID-19 Doses Administered,285
22,Schuyler,Schuyler,[sqlproxy.007hk6n1m17pjz15wwilw0ijzhd4].[usr:COVID-19 Doses Administered (copy)_1776951594528882689:qk],7-Day COVID-19 Doses Administered,177
23,Saline,Saline,[sqlproxy.007hk6n1m17pjz15wwilw0ijzhd4].[usr:COVID-19 Doses Administered (copy)_1776951594528882689:qk],7-Day COVID-19 Doses Administered,"1,050"
24,Ripley,Ripley,[sqlproxy.007hk6n1m17pjz15wwilw0ijzhd4].[usr:COVID-19 Doses Administered (copy)_1776951594528882689:qk],7-Day COVID-19 Doses Administered,509
25,Reynolds,Reynolds,[sqlproxy.007hk6n1m17pjz15wwilw0ijzhd4].[usr:COVID-19 Doses Administered (copy)_1776951594528882689:qk],7-Day COVID-19 Doses Administered,116
26,Ray,Ray,[sqlproxy.007hk6n1m17pjz15wwilw0ijzhd4].[usr:COVID-19 Doses Administered (copy)_1776951594528882689:qk],7-Day COVID-19 Doses Administered,585
27,Randolph,Randolph,[sqlproxy.007hk6n1m17pjz15wwilw0ijzhd4].[usr:COVID-19 Doses Administered (copy)_1776951594528882689:qk],7-Day COVID-19 Doses Administered,403
28,Ralls,Ralls,[sqlproxy.007hk6n1m17pjz15wwilw0ijzhd4].[usr:COVID-19 Doses Administered (copy)_1776951594528882689:qk],7-Day COVID-19 Doses Administered,208
29,Putnam,Putnam,[sqlproxy.007hk6n1m17pjz15wwilw0ijzhd4].[usr:COVID-19 Doses Administered (copy)_1776951594528882689:qk],7-Day COVID-19 Doses Administered,239
30,Pulaski,Pulaski,[sqlproxy.007hk6n1m17pjz15wwilw0ijzhd4].[usr:COVID-19 Doses Administered (copy)_1776951594528882689:qk],7-Day COVID-19 Doses Administered,463
31,Polk,Polk,[sqlproxy.007hk6n1m17pjz15wwilw0ijzhd4].[usr:COVID-19 Doses Administered (copy)_1776951594528882689:qk],7-Day COVID-19 Doses Administered,501
32,Platte,Platte,[sqlproxy.007hk6n1m17pjz15wwilw0ijzhd4].[usr:COVID-19 Doses Administered (copy)_1776951594528882689:qk],7-Day COVID-19 Doses Administered,"2,361"
33,Pike,Pike,[sqlproxy.007hk6n1m17pjz15wwilw0ijzhd4].[usr:COVID-19 Doses Administered (copy)_1776951594528882689:qk],7-Day COVID-19 Doses Administered,315
34,Phelps,Phelps,[sqlproxy.007hk6n1m17pjz15wwilw0ijzhd4].[usr:COVID-19 Doses Administered (copy)_1776951594528882689:qk],7-Day COVID-19 Doses Administered,412
35,Pettis,Pettis,[sqlproxy.007hk6n1m17pjz15wwilw0ijzhd4].[usr:COVID-19 Doses Administered (copy)_1776951594528882689:qk],7-Day COVID-19 Doses Administered,"1,091"
36,Perry,Perry,[sqlproxy.007hk6n1m17pjz15wwilw0ijzhd4].[usr:COVID-19 Doses Administered (copy)_1776951594528882689:qk],7-Day COVID-19 Doses Administered,398
37,Pemiscot,Pemiscot,[sqlproxy.007hk6n1m17pjz15wwilw0ijzhd4].[usr:COVID-19 Doses Administered (copy)_1776951594528882689:qk],7-Day COVID-19 Doses Administered,146
38,Ozark,Ozark,[sqlproxy.007hk6n1m17pjz15wwilw0ijzhd4].[usr:COVID-19 Doses Administered (copy)_1776951594528882689:qk],7-Day COVID-19 Doses Administered,304
39,Osage,Osage,[sqlproxy.007hk6n1m17pjz15wwilw0ijzhd4].[usr:COVID-19 Doses Administered (copy)_1776951594528882689:qk],7-Day COVID-19 Doses Administered,355
40,Oregon,Oregon,[sqlproxy.007hk6n1m17pjz15wwilw0ijzhd4].[usr:COVID-19 Doses Administered (copy)_1776951594528882689:qk],7-Day COVID-19 Doses Administered,262
41,Nodaway,Nodaway,[sqlproxy.007hk6n1m17pjz15wwilw0ijzhd4].[usr:COVID-19 Doses Administered (copy)_1776951594528882689:qk],7-Day COVID-19 Doses Administered,"1,322"
42,Newton,Newton,[sqlproxy.007hk6n1m17pjz15wwilw0ijzhd4].[usr:COVID-19 Doses Administered (copy)_1776951594528882689:qk],7-Day COVID-19 Doses Administered,650
43,NewMadrid,NewMadrid,[sqlproxy.007hk6n1m17pjz15wwilw0ijzhd4].[usr:COVID-19 Doses Administered (copy)_1776951594528882689:qk],7-Day COVID-19 Doses Administered,498
44,Morgan,Morgan,[sqlproxy.007hk6n1m17pjz15wwilw0ijzhd4].[usr:COVID-19 Doses Administered (copy)_1776951594528882689:qk],7-Day COVID-19 Doses Administered,557
45,Montgomery,Montgomery,[sqlproxy.007hk6n1m17pjz15wwilw0ijzhd4].[usr:COVID-19 Doses Administered (copy)_1776951594528882689:qk],7-Day COVID-19 Doses Administered,565
46,Monroe,Monroe,[sqlproxy.007hk6n1m17pjz15wwilw0ijzhd4].[usr:COVID-19 Doses Administered (copy)_1776951594528882689:qk],7-Day COVID-19 Doses Administered,352
47,Moniteau,Moniteau,[sqlproxy.007hk6n1m17pjz15wwilw0ijzhd4].[usr:COVID-19 Doses Administered (copy)_1776951594528882689:qk],7-Day COVID-19 Doses Administered,389
48,Mississippi,Mississippi,[sqlproxy.007hk6n1m17pjz15wwilw0ijzhd4].[usr:COVID-19 Doses Administered (copy)_1776951594528882689:qk],7-Day COVID-19 Doses Administered,534
49,Miller,Miller,[sqlproxy.007hk6n1m17pjz15wwilw0ijzhd4].[usr:COVID-19 Doses Administered (copy)_1776951594528882689:qk],7-Day COVID-19 Doses Administered,319
50,Mercer,Mercer,[sqlproxy.007hk6n1m17pjz15wwilw0ijzhd4].[usr:COVID-19 Doses Administered (copy)_1776951594528882689:qk],7-Day COVID-19 Doses Administered,154
51,McDonald,McDonald,[sqlproxy.007hk6n1m17pjz15wwilw0ijzhd4].[usr:COVID-19 Doses Administered (copy)_1776951594528882689:qk],7-Day COVID-19 Doses Administered,119
52,Marion,Marion,[sqlproxy.007hk6n1m17pjz15wwilw0ijzhd4].[usr:COVID-19 Doses Administered (copy)_1776951594528882689:qk],7-Day COVID-19 Doses Administered,728
53,Maries,Maries,[sqlproxy.007hk6n1m17pjz15wwilw0ijzhd4].[usr:COVID-19 Doses Administered (copy)_1776951594528882689:qk],7-Day COVID-19 Doses Administered,95
54,Madison,Madison,[sqlproxy.007hk6n1m17pjz15wwilw0ijzhd4].[usr:COVID-19 Doses Administered (copy)_1776951594528882689:qk],7-Day COVID-19 Doses Administered,296
55,Macon,Macon,[sqlproxy.007hk6n1m17pjz15wwilw0ijzhd4].[usr:COVID-19 Doses Administered (copy)_1776951594528882689:qk],7-Day COVID-19 Doses Administered,607
56,Livingston,Livingston,[sqlproxy.007hk6n1m17pjz15wwilw0ijzhd4].[usr:COVID-19 Doses Administered (copy)_1776951594528882689:qk],7-Day COVID-19 Doses Administered,671
57,Linn,Linn,[sqlproxy.007hk6n1m17pjz15wwilw0ijzhd4].[usr:COVID-19 Doses Administered (copy)_1776951594528882689:qk],7-Day COVID-19 Doses Administered,273
58,Lincoln,Lincoln,[sqlproxy.007hk6n1m17pjz15wwilw0ijzhd4].[usr:COVID-19 Doses Administered (copy)_1776951594528882689:qk],7-Day COVID-19 Doses Administered,576
59,Lewis,Lewis,[sqlproxy.007hk6n1m17pjz15wwilw0ijzhd4].[usr:COVID-19 Doses Administered (copy)_1776951594528882689:qk],7-Day COVID-19 Doses Administered,103
60,Lawrence,Lawrence,[sqlproxy.007hk6n1m17pjz15wwilw0ijzhd4].[usr:COVID-19 Doses Administered (copy)_1776951594528882689:qk],7-Day COVID-19 Doses Administered,682
61,Lafayette,Lafayette,[sqlproxy.007hk6n1m17pjz15wwilw0ijzhd4].[usr:COVID-19 Doses Administered (copy)_1776951594528882689:qk],7-Day COVID-19 Doses Administered,"1,323"
62,Laclede,Laclede,[sqlproxy.007hk6n1m17pjz15wwilw0ijzhd4].[usr:COVID-19 Doses Administered (copy)_1776951594528882689:qk],7-Day COVID-19 Doses Administered,436
63,Knox,Knox,[sqlproxy.007hk6n1m17pjz15wwilw0ijzhd4].[usr:COVID-19 Doses Administered (copy)_1776951594528882689:qk],7-Day COVID-19 Doses Administered,130
64,Johnson,Johnson,[sqlproxy.007hk6n1m17pjz15wwilw0ijzhd4].[usr:COVID-19 Doses Administered (copy)_1776951594528882689:qk],7-Day COVID-19 Doses Administered,811
65,Jefferson,Jefferson,[sqlproxy.007hk6n1m17pjz15wwilw0ijzhd4].[usr:COVID-19 Doses Administered (copy)_1776951594528882689:qk],7-Day COVID-19 Doses Administered,"2,839"
66,Jasper,Jasper,[sqlproxy.007hk6n1m17pjz15wwilw0ijzhd4].[usr:COVID-19 Doses Administered (copy)_1776951594528882689:qk],7-Day COVID-19 Doses Administered,"3,245"
67,Jackson,Jackson,[sqlproxy.007hk6n1m17pjz15wwilw0ijzhd4].[usr:COVID-19 Doses Administered (copy)_1776951594528882689:qk],7-Day COVID-19 Doses Administered,"13,963"
68,Iron,Iron,[sqlproxy.007hk6n1m17pjz15wwilw0ijzhd4].[usr:COVID-19 Doses Administered (copy)_1776951594528882689:qk],7-Day COVID-19 Doses Administered,94
69,Howell,Howell,[sqlproxy.007hk6n1m17pjz15wwilw0ijzhd4].[usr:COVID-19 Doses Administered (copy)_1776951594528882689:qk],7-Day COVID-19 Doses Administered,656
70,Howard,Howard,[sqlproxy.007hk6n1m17pjz15wwilw0ijzhd4].[usr:COVID-19 Doses Administered (copy)_1776951594528882689:qk],7-Day COVID-19 Doses Administered,308
71,Holt,Holt,[sqlproxy.007hk6n1m17pjz15wwilw0ijzhd4].[usr:COVID-19 Doses Administered (copy)_1776951594528882689:qk],7-Day COVID-19 Doses Administered,186
72,Hickory,Hickory,[sqlproxy.007hk6n1m17pjz15wwilw0ijzhd4].[usr:COVID-19 Doses Administered (copy)_1776951594528882689:qk],7-Day COVID-19 Doses Administered,366
73,Henry,Henry,[sqlproxy.007hk6n1m17pjz15wwilw0ijzhd4].[usr:COVID-19 Doses Administered (copy)_1776951594528882689:qk],7-Day COVID-19 Doses Administered,682
74,Harrison,Harrison,[sqlproxy.007hk6n1m17pjz15wwilw0ijzhd4].[usr:COVID-19 Doses Administered (copy)_1776951594528882689:qk],7-Day COVID-19 Doses Administered,196
75,Grundy,Grundy,[sqlproxy.007hk6n1m17pjz15wwilw0ijzhd4].[usr:COVID-19 Doses Administered (copy)_1776951594528882689:qk],7-Day COVID-19 Doses Administered,147
76,Greene,Greene,[sqlproxy.007hk6n1m17pjz15wwilw0ijzhd4].[usr:COVID-19 Doses Administered (copy)_1776951594528882689:qk],7-Day COVID-19 Doses Administered,"5,944"
77,Gentry,Gentry,[sqlproxy.007hk6n1m17pjz15wwilw0ijzhd4].[usr:COVID-19 Doses Administered (copy)_1776951594528882689:qk],7-Day COVID-19 Doses Administered,530
78,Gasconade,Gasconade,[sqlproxy.007hk6n1m17pjz15wwilw0ijzhd4].[usr:COVID-19 Doses Administered (copy)_1776951594528882689:qk],7-Day COVID-19 Doses Administered,610
79,Franklin,Franklin,[sqlproxy.007hk6n1m17pjz15wwilw0ijzhd4].[usr:COVID-19 Doses Administered (copy)_1776951594528882689:qk],7-Day COVID-19 Doses Administered,"1,756"
80,Dunklin,Dunklin,[sqlproxy.007hk6n1m17pjz15wwilw0ijzhd4].[usr:COVID-19 Doses Administered (copy)_1776951594528882689:qk],7-Day COVID-19 Doses Administered,339
81,Douglas,Douglas,[sqlproxy.007hk6n1m17pjz15wwilw0ijzhd4].[usr:COVID-19 Doses Administered (copy)_1776951594528882689:qk],7-Day COVID-19 Doses Administered,444
82,Dent,Dent,[sqlproxy.007hk6n1m17pjz15wwilw0ijzhd4].[usr:COVID-19 Doses Administered (copy)_1776951594528882689:qk],7-Day COVID-19 Doses Administered,399
83,DeKalb,DeKalb,[sqlproxy.007hk6n1m17pjz15wwilw0ijzhd4].[usr:COVID-19 Doses Administered (copy)_1776951594528882689:qk],7-Day COVID-19 Doses Administered,328
84,Daviess,Daviess,[sqlproxy.007hk6n1m17pjz15wwilw0ijzhd4].[usr:COVID-19 Doses Administered (copy)_1776951594528882689:qk],7-Day COVID-19 Doses Administered,223
85,Dallas,Dallas,[sqlproxy.007hk6n1m17pjz15wwilw0ijzhd4].[usr:COVID-19 Doses Administered (copy)_1776951594528882689:qk],7-Day COVID-19 Doses Administered,270
86,Dade,Dade,[sqlproxy.007hk6n1m17pjz15wwilw0ijzhd4].[usr:COVID-19 Doses Administered (copy)_1776951594528882689:qk],7-Day COVID-19 Doses Administered,301
87,Crawford,Crawford,[sqlproxy.007hk6n1m17pjz15wwilw0ijzhd4].[usr:COVID-19 Doses Administered (copy)_1776951594528882689:qk],7-Day COVID-19 Doses Administered,274
88,Cooper,Cooper,[sqlproxy.007hk6n1m17pjz15wwilw0ijzhd4].[usr:COVID-19 Doses Administered (copy)_1776951594528882689:qk],7-Day COVID-19 Doses Administered,387
89,Cole,Cole,[sqlproxy.007hk6n1m17pjz15wwilw0ijzhd4].[usr:COVID-19 Doses Administered (copy)_1776951594528882689:qk],7-Day COVID-19 Doses Administered,"2,658"
90,Clinton,Clinton,[sqlproxy.007hk6n1m17pjz15wwilw0ijzhd4].[usr:COVID-19 Doses Administered (copy)_1776951594528882689:qk],7-Day COVID-19 Doses Administered,590
91,Clay,Clay,[sqlproxy.007hk6n1m17pjz15wwilw0ijzhd4].[usr:COVID-19 Doses Administered (copy)_1776951594528882689:qk],7-Day COVID-19 Doses Administered,"6,864"
92,Clark,Clark,[sqlproxy.007hk6n1m17pjz15wwilw0ijzhd4].[usr:COVID-19 Doses Administered (copy)_1776951594528882689:qk],7-Day COVID-19 Doses Administered,165
93,Christian,Christian,[sqlproxy.007hk6n1m17pjz15wwilw0ijzhd4].[usr:COVID-19 Doses Administered (copy)_1776951594528882689:qk],7-Day COVID-19 Doses Administered,"1,730"
94,Chariton,Chariton,[sqlproxy.007hk6n1m17pjz15wwilw0ijzhd4].[usr:COVID-19 Doses Administered (copy)_1776951594528882689:qk],7-Day COVID-19 Doses Administered,368
95,Cedar,Cedar,[sqlproxy.007hk6n1m17pjz15wwilw0ijzhd4].[usr:COVID-19 Doses Administered (copy)_1776951594528882689:qk],7-Day COVID-19 Doses Administered,99
96,Cass,Cass,[sqlproxy.007hk6n1m17pjz15wwilw0ijzhd4].[usr:COVID-19 Doses Administered (copy)_1776951594528882689:qk],7-Day COVID-19 Doses Administered,"2,061"
97,Carter,Carter,[sqlproxy.007hk6n1m17pjz15wwilw0ijzhd4].[usr:COVID-19 Doses Administered (copy)_1776951594528882689:qk],7-Day COVID-19 Doses Administered,173
98,Carroll,Carroll,[sqlproxy.007hk6n1m17pjz15wwilw0ijzhd4].[usr:COVID-19 Doses Administered (copy)_1776951594528882689:qk],7-Day COVID-19 Doses Administered,195
99,Cape Girardeau,Cape Girardeau,[sqlproxy.007hk6n1m17pjz15wwilw0ijzhd4].[usr:COVID-19 Doses Administered (copy)_1776951594528882689:qk],7-Day COVID-19 Doses Administered,"1,235"
100,Camden,Camden,[sqlproxy.007hk6n1m17pjz15wwilw0ijzhd4].[usr:COVID-19 Doses Administered (copy)_1776951594528882689:qk],7-Day COVID-19 Doses Administered,"1,637"
101,Callaway,Callaway,[sqlproxy.007hk6n1m17pjz15wwilw0ijzhd4].[usr:COVID-19 Doses Administered (copy)_1776951594528882689:qk],7-Day COVID-19 Doses Administered,"1,256"
102,Caldwell,Caldwell,[sqlproxy.007hk6n1m17pjz15wwilw0ijzhd4].[usr:COVID-19 Doses Administered (copy)_1776951594528882689:qk],7-Day COVID-19 Doses Administered,220
103,Butler,Butler,[sqlproxy.007hk6n1m17pjz15wwilw0ijzhd4].[usr:COVID-19 Doses Administered (copy)_1776951594528882689:qk],7-Day COVID-19 Doses Administered,549
104,Buchanan,Buchanan,[sqlproxy.007hk6n1m17pjz15wwilw0ijzhd4].[usr:COVID-19 Doses Administered (copy)_1776951594528882689:qk],7-Day COVID-19 Doses Administered,"2,156"
105,Boone,Boone,[sqlproxy.007hk6n1m17pjz15wwilw0ijzhd4].[usr:COVID-19 Doses Administered (copy)_1776951594528882689:qk],7-Day COVID-19 Doses Administered,"6,783"
106,Bollinger,Bollinger,[sqlproxy.007hk6n1m17pjz15wwilw0ijzhd4].[usr:COVID-19 Doses Administered (copy)_1776951594528882689:qk],7-Day COVID-19 Doses Administered,320
107,Benton,Benton,[sqlproxy.007hk6n1m17pjz15wwilw0ijzhd4].[usr:COVID-19 Doses Administered (copy)_1776951594528882689:qk],7-Day COVID-19 Doses Administered,"1,144"
108,Bates,Bates,[sqlproxy.007hk6n1m17pjz15wwilw0ijzhd4].[usr:COVID-19 Doses Administered (copy)_1776951594528882689:qk],7-Day COVID-19 Doses Administered,353
109,Barton,Barton,[sqlproxy.007hk6n1m17pjz15wwilw0ijzhd4].[usr:COVID-19 Doses Administered (copy)_1776951594528882689:qk],7-Day COVID-19 Doses Administered,323
110,Barry,Barry,[sqlproxy.007hk6n1m17pjz15wwilw0ijzhd4].[usr:COVID-19 Doses Administered (copy)_1776951594528882689:qk],7-Day COVID-19 Doses Administered,531
111,Audrain,Audrain,[sqlproxy.007hk6n1m17pjz15wwilw0ijzhd4].[usr:COVID-19 Doses Administered (copy)_1776951594528882689:qk],7-Day COVID-19 Doses Administered,765
112,Atchison,Atchison,[sqlproxy.007hk6n1m17pjz15wwilw0ijzhd4].[usr:COVID-19 Doses Administered (copy)_1776951594528882689:qk],7-Day COVID-19 Doses Administered,366
113,Andrew,Andrew,[sqlproxy.007hk6n1m17pjz15wwilw0ijzhd4].[usr:COVID-19 Doses Administered (copy)_1776951594528882689:qk],7-Day COVID-19 Doses Administered,529
114,Adair,Adair,[sqlproxy.007hk6n1m17pjz15wwilw0ijzhd4].[usr:COVID-19 Doses Administered (copy)_1776951594528882689:qk],7-Day COVID-19 Doses Administered,234
115,Wright,Wright,[sqlproxy.007hk6n1m17pjz15wwilw0ijzhd4].[usr:Calculation_1776951594566152212:qk],Percent of Population Who Has Received First Dose,4.9%
116,Worth,Worth,[sqlproxy.007hk6n1m17pjz15wwilw0ijzhd4].[usr:Calculation_1776951594566152212:qk],Percent of Population Who Has Received First Dose,12.7%
117,Webster,Webster,[sqlproxy.007hk6n1m17pjz15wwilw0ijzhd4].[usr:Calculation_1776951594566152212:qk],Percent of Population Who Has Received First Dose,7.1%
118,Wayne,Wayne,[sqlproxy.007hk6n1m17pjz15wwilw0ijzhd4].[usr:Calculation_1776951594566152212:qk],Percent of Population Who Has Received First Dose,6.8%
119,Washington,Washington,[sqlproxy.007hk6n1m17pjz15wwilw0ijzhd4].[usr:Calculation_1776951594566152212:qk],Percent of Population Who Has Received First Dose,6.2%
120,Warren,Warren,[sqlproxy.007hk6n1m17pjz15wwilw0ijzhd4].[usr:Calculation_1776951594566152212:qk],Percent of Population Who Has Received First Dose,4.7%
121,Vernon,Vernon,[sqlproxy.007hk6n1m17pjz15wwilw0ijzhd4].[usr:Calculation_1776951594566152212:qk],Percent of Population Who Has Received First Dose,6.9%
122,Texas,Texas,[sqlproxy.007hk6n1m17pjz15wwilw0ijzhd4].[usr:Calculation_1776951594566152212:qk],Percent of Population Who Has Received First Dose,5.8%
123,Taney,Taney,[sqlproxy.007hk6n1m17pjz15wwilw0ijzhd4].[usr:Calculation_1776951594566152212:qk],Percent of Population Who Has Received First Dose,5.2%
124,Sullivan,Sullivan,[sqlproxy.007hk6n1m17pjz15wwilw0ijzhd4].[usr:Calculation_1776951594566152212:qk],Percent of Population Who Has Received First Dose,9.5%
125,Stone,Stone,[sqlproxy.007hk6n1m17pjz15wwilw0ijzhd4].[usr:Calculation_1776951594566152212:qk],Percent of Population Who Has Received First Dose,6.4%
126,Stoddard,Stoddard,[sqlproxy.007hk6n1m17pjz15wwilw0ijzhd4].[usr:Calculation_1776951594566152212:qk],Percent of Population Who Has Received First Dose,8.7%
127,Ste. Genevieve,Ste. Genevieve,[sqlproxy.007hk6n1m17pjz15wwilw0ijzhd4].[usr:Calculation_1776951594566152212:qk],Percent of Population Who Has Received First Dose,11.0%
128,St. Louis City,St. Louis City,[sqlproxy.007hk6n1m17pjz15wwilw0ijzhd4].[usr:Calculation_1776951594566152212:qk],Percent of Population Who Has Received First Dose,6.5%
129,St. Louis,St. Louis,[sqlproxy.007hk6n1m17pjz15wwilw0ijzhd4].[usr:Calculation_1776951594566152212:qk],Percent of Population Who Has Received First Dose,7.9%
130,St. Francois,St. Francois,[sqlproxy.007hk6n1m17pjz15wwilw0ijzhd4].[usr:Calculation_1776951594566152212:qk],Percent of Population Who Has Received First Dose,7.2%
131,St. Clair,St. Clair,[sqlproxy.007hk6n1m17pjz15wwilw0ijzhd4].[usr:Calculation_1776951594566152212:qk],Percent of Population Who Has Received First Dose,6.7%
132,St. Charles,St. Charles,[sqlproxy.007hk6n1m17pjz15wwilw0ijzhd4].[usr:Calculation_1776951594566152212:qk],Percent of Population Who Has Received First Dose,7.0%
133,Shelby,Shelby,[sqlproxy.007hk6n1m17pjz15wwilw0ijzhd4].[usr:Calculation_1776951594566152212:qk],Percent of Population Who Has Received First Dose,18.0%
134,Shannon,Shannon,[sqlproxy.007hk6n1m17pjz15wwilw0ijzhd4].[usr:Calculation_1776951594566152212:qk],Percent of Population Who Has Received First Dose,4.8%
135,Scott,Scott,[sqlproxy.007hk6n1m17pjz15wwilw0ijzhd4].[usr:Calculation_1776951594566152212:qk],Percent of Population Who Has Received First Dose,14.0%
136,Scotland,Scotland,[sqlproxy.007hk6n1m17pjz15wwilw0ijzhd4].[usr:Calculation_1776951594566152212:qk],Percent of Population Who Has Received First Dose,10.4%
137,Schuyler,Schuyler,[sqlproxy.007hk6n1m17pjz15wwilw0ijzhd4].[usr:Calculation_1776951594566152212:qk],Percent of Population Who Has Received First Dose,5.9%
138,Saline,Saline,[sqlproxy.007hk6n1m17pjz15wwilw0ijzhd4].[usr:Calculation_1776951594566152212:qk],Percent of Population Who Has Received First Dose,12.0%
139,Ripley,Ripley,[sqlproxy.007hk6n1m17pjz15wwilw0ijzhd4].[usr:Calculation_1776951594566152212:qk],Percent of Population Who Has Received First Dose,7.5%
140,Reynolds,Reynolds,[sqlproxy.007hk6n1m17pjz15wwilw0ijzhd4].[usr:Calculation_1776951594566152212:qk],Percent of Population Who Has Received First Dose,3.3%
141,Ray,Ray,[sqlproxy.007hk6n1m17pjz15wwilw0ijzhd4].[usr:Calculation_1776951594566152212:qk],Percent of Population Who Has Received First Dose,6.9%
142,Randolph,Randolph,[sqlproxy.007hk6n1m17pjz15wwilw0ijzhd4].[usr:Calculation_1776951594566152212:qk],Percent of Population Who Has Received First Dose,8.5%
143,Ralls,Ralls,[sqlproxy.007hk6n1m17pjz15wwilw0ijzhd4].[usr:Calculation_1776951594566152212:qk],Percent of Population Who Has Received First Dose,8.6%
144,Putnam,Putnam,[sqlproxy.007hk6n1m17pjz15wwilw0ijzhd4].[usr:Calculation_1776951594566152212:qk],Percent of Population Who Has Received First Dose,9.2%
145,Pulaski,Pulaski,[sqlproxy.007hk6n1m17pjz15wwilw0ijzhd4].[usr:Calculation_1776951594566152212:qk],Percent of Population Who Has Received First Dose,3.4%
146,Polk,Polk,[sqlproxy.007hk6n1m17pjz15wwilw0ijzhd4].[usr:Calculation_1776951594566152212:qk],Percent of Population Who Has Received First Dose,7.9%
147,Platte,Platte,[sqlproxy.007hk6n1m17pjz15wwilw0ijzhd4].[usr:Calculation_1776951594566152212:qk],Percent of Population Who Has Received First Dose,7.0%
148,Pike,Pike,[sqlproxy.007hk6n1m17pjz15wwilw0ijzhd4].[usr:Calculation_1776951594566152212:qk],Percent of Population Who Has Received First Dose,7.0%
149,Phelps,Phelps,[sqlproxy.007hk6n1m17pjz15wwilw0ijzhd4].[usr:Calculation_1776951594566152212:qk],Percent of Population Who Has Received First Dose,6.8%
150,Pettis,Pettis,[sqlproxy.007hk6n1m17pjz15wwilw0ijzhd4].[usr:Calculation_1776951594566152212:qk],Percent of Population Who Has Received First Dose,11.0%
151,Perry,Perry,[sqlproxy.007hk6n1m17pjz15wwilw0ijzhd4].[usr:Calculation_1776951594566152212:qk],Percent of Population Who Has Received First Dose,11.9%
152,Pemiscot,Pemiscot,[sqlproxy.007hk6n1m17pjz15wwilw0ijzhd4].[usr:Calculation_1776951594566152212:qk],Percent of Population Who Has Received First Dose,4.3%
153,Ozark,Ozark,[sqlproxy.007hk6n1m17pjz15wwilw0ijzhd4].[usr:Calculation_1776951594566152212:qk],Percent of Population Who Has Received First Dose,6.2%
154,Osage,Osage,[sqlproxy.007hk6n1m17pjz15wwilw0ijzhd4].[usr:Calculation_1776951594566152212:qk],Percent of Population Who Has Received First Dose,8.4%
155,Oregon,Oregon,[sqlproxy.007hk6n1m17pjz15wwilw0ijzhd4].[usr:Calculation_1776951594566152212:qk],Percent of Population Who Has Received First Dose,5.8%
156,Nodaway,Nodaway,[sqlproxy.007hk6n1m17pjz15wwilw0ijzhd4].[usr:Calculation_1776951594566152212:qk],Percent of Population Who Has Received First Dose,12.9%
157,Newton,Newton,[sqlproxy.007hk6n1m17pjz15wwilw0ijzhd4].[usr:Calculation_1776951594566152212:qk],Percent of Population Who Has Received First Dose,3.3%
158,NewMadrid,NewMadrid,[sqlproxy.007hk6n1m17pjz15wwilw0ijzhd4].[usr:Calculation_1776951594566152212:qk],Percent of Population Who Has Received First Dose,
159,Morgan,Morgan,[sqlproxy.007hk6n1m17pjz15wwilw0ijzhd4].[usr:Calculation_1776951594566152212:qk],Percent of Population Who Has Received First Dose,7.7%
160,Montgomery,Montgomery,[sqlproxy.007hk6n1m17pjz15wwilw0ijzhd4].[usr:Calculation_1776951594566152212:qk],Percent of Population Who Has Received First Dose,12.3%
161,Monroe,Monroe,[sqlproxy.007hk6n1m17pjz15wwilw0ijzhd4].[usr:Calculation_1776951594566152212:qk],Percent of Population Who Has Received First Dose,14.1%
162,Moniteau,Moniteau,[sqlproxy.007hk6n1m17pjz15wwilw0ijzhd4].[usr:Calculation_1776951594566152212:qk],Percent of Population Who Has Received First Dose,9.0%
163,Mississippi,Mississippi,[sqlproxy.007hk6n1m17pjz15wwilw0ijzhd4].[usr:Calculation_1776951594566152212:qk],Percent of Population Who Has Received First Dose,10.2%
164,Miller,Miller,[sqlproxy.007hk6n1m17pjz15wwilw0ijzhd4].[usr:Calculation_1776951594566152212:qk],Percent of Population Who Has Received First Dose,5.8%
165,Mercer,Mercer,[sqlproxy.007hk6n1m17pjz15wwilw0ijzhd4].[usr:Calculation_1776951594566152212:qk],Percent of Population Who Has Received First Dose,6.6%
166,McDonald,McDonald,[sqlproxy.007hk6n1m17pjz15wwilw0ijzhd4].[usr:Calculation_1776951594566152212:qk],Percent of Population Who Has Received First Dose,4.4%
167,Marion,Marion,[sqlproxy.007hk6n1m17pjz15wwilw0ijzhd4].[usr:Calculation_1776951594566152212:qk],Percent of Population Who Has Received First Dose,13.0%
168,Maries,Maries,[sqlproxy.007hk6n1m17pjz15wwilw0ijzhd4].[usr:Calculation_1776951594566152212:qk],Percent of Population Who Has Received First Dose,6.4%
169,Madison,Madison,[sqlproxy.007hk6n1m17pjz15wwilw0ijzhd4].[usr:Calculation_1776951594566152212:qk],Percent of Population Who Has Received First Dose,8.7%
170,Macon,Macon,[sqlproxy.007hk6n1m17pjz15wwilw0ijzhd4].[usr:Calculation_1776951594566152212:qk],Percent of Population Who Has Received First Dose,8.0%
171,Livingston,Livingston,[sqlproxy.007hk6n1m17pjz15wwilw0ijzhd4].[usr:Calculation_1776951594566152212:qk],Percent of Population Who Has Received First Dose,8.6%
172,Linn,Linn,[sqlproxy.007hk6n1m17pjz15wwilw0ijzhd4].[usr:Calculation_1776951594566152212:qk],Percent of Population Who Has Received First Dose,10.8%
173,Lincoln,Lincoln,[sqlproxy.007hk6n1m17pjz15wwilw0ijzhd4].[usr:Calculation_1776951594566152212:qk],Percent of Population Who Has Received First Dose,5.9%
174,Lewis,Lewis,[sqlproxy.007hk6n1m17pjz15wwilw0ijzhd4].[usr:Calculation_1776951594566152212:qk],Percent of Population Who Has Received First Dose,8.3%
175,Lawrence,Lawrence,[sqlproxy.007hk6n1m17pjz15wwilw0ijzhd4].[usr:Calculation_1776951594566152212:qk],Percent of Population Who Has Received First Dose,4.5%
176,Lafayette,Lafayette,[sqlproxy.007hk6n1m17pjz15wwilw0ijzhd4].[usr:Calculation_1776951594566152212:qk],Percent of Population Who Has Received First Dose,8.7%
177,Laclede,Laclede,[sqlproxy.007hk6n1m17pjz15wwilw0ijzhd4].[usr:Calculation_1776951594566152212:qk],Percent of Population Who Has Received First Dose,5.0%
178,Knox,Knox,[sqlproxy.007hk6n1m17pjz15wwilw0ijzhd4].[usr:Calculation_1776951594566152212:qk],Percent of Population Who Has Received First Dose,15.1%
179,Johnson,Johnson,[sqlproxy.007hk6n1m17pjz15wwilw0ijzhd4].[usr:Calculation_1776951594566152212:qk],Percent of Population Who Has Received First Dose,5.8%
180,Jefferson,Jefferson,[sqlproxy.007hk6n1m17pjz15wwilw0ijzhd4].[usr:Calculation_1776951594566152212:qk],Percent of Population Who Has Received First Dose,5.2%
181,Jasper,Jasper,[sqlproxy.007hk6n1m17pjz15wwilw0ijzhd4].[usr:Calculation_1776951594566152212:qk],Percent of Population Who Has Received First Dose,7.7%
182,Jackson,Jackson,[sqlproxy.007hk6n1m17pjz15wwilw0ijzhd4].[usr:Calculation_1776951594566152212:qk],Percent of Population Who Has Received First Dose,6.6%
183,Iron,Iron,[sqlproxy.007hk6n1m17pjz15wwilw0ijzhd4].[usr:Calculation_1776951594566152212:qk],Percent of Population Who Has Received First Dose,5.6%
184,Howell,Howell,[sqlproxy.007hk6n1m17pjz15wwilw0ijzhd4].[usr:Calculation_1776951594566152212:qk],Percent of Population Who Has Received First Dose,8.9%
185,Howard,Howard,[sqlproxy.007hk6n1m17pjz15wwilw0ijzhd4].[usr:Calculation_1776951594566152212:qk],Percent of Population Who Has Received First Dose,9.4%
186,Holt,Holt,[sqlproxy.007hk6n1m17pjz15wwilw0ijzhd4].[usr:Calculation_1776951594566152212:qk],Percent of Population Who Has Received First Dose,13.4%
187,Hickory,Hickory,[sqlproxy.007hk6n1m17pjz15wwilw0ijzhd4].[usr:Calculation_1776951594566152212:qk],Percent of Population Who Has Received First Dose,13.7%
188,Henry,Henry,[sqlproxy.007hk6n1m17pjz15wwilw0ijzhd4].[usr:Calculation_1776951594566152212:qk],Percent of Population Who Has Received First Dose,10.6%
189,Harrison,Harrison,[sqlproxy.007hk6n1m17pjz15wwilw0ijzhd4].[usr:Calculation_1776951594566152212:qk],Percent of Population Who Has Received First Dose,8.1%
190,Grundy,Grundy,[sqlproxy.007hk6n1m17pjz15wwilw0ijzhd4].[usr:Calculation_1776951594566152212:qk],Percent of Population Who Has Received First Dose,5.7%
191,Greene,Greene,[sqlproxy.007hk6n1m17pjz15wwilw0ijzhd4].[usr:Calculation_1776951594566152212:qk],Percent of Population Who Has Received First Dose,7.7%
192,Gentry,Gentry,[sqlproxy.007hk6n1m17pjz15wwilw0ijzhd4].[usr:Calculation_1776951594566152212:qk],Percent of Population Who Has Received First Dose,13.8%
193,Gasconade,Gasconade,[sqlproxy.007hk6n1m17pjz15wwilw0ijzhd4].[usr:Calculation_1776951594566152212:qk],Percent of Population Who Has Received First Dose,13.0%
194,Franklin,Franklin,[sqlproxy.007hk6n1m17pjz15wwilw0ijzhd4].[usr:Calculation_1776951594566152212:qk],Percent of Population Who Has Received First Dose,7.3%
195,Dunklin,Dunklin,[sqlproxy.007hk6n1m17pjz15wwilw0ijzhd4].[usr:Calculation_1776951594566152212:qk],Percent of Population Who Has Received First Dose,5.7%
196,Douglas,Douglas,[sqlproxy.007hk6n1m17pjz15wwilw0ijzhd4].[usr:Calculation_1776951594566152212:qk],Percent of Population Who Has Received First Dose,6.1%
197,Dent,Dent,[sqlproxy.007hk6n1m17pjz15wwilw0ijzhd4].[usr:Calculation_1776951594566152212:qk],Percent of Population Who Has Received First Dose,4.8%
198,DeKalb,DeKalb,[sqlproxy.007hk6n1m17pjz15wwilw0ijzhd4].[usr:Calculation_1776951594566152212:qk],Percent of Population Who Has Received First Dose,5.0%
199,Daviess,Daviess,[sqlproxy.007hk6n1m17pjz15wwilw0ijzhd4].[usr:Calculation_1776951594566152212:qk],Percent of Population Who Has Received First Dose,7.1%
200,Dallas,Dallas,[sqlproxy.007hk6n1m17pjz15wwilw0ijzhd4].[usr:Calculation_1776951594566152212:qk],Percent of Population Who Has Received First Dose,5.5%
201,Dade,Dade,[sqlproxy.007hk6n1m17pjz15wwilw0ijzhd4].[usr:Calculation_1776951594566152212:qk],Percent of Population Who Has Received First Dose,10.2%
202,Crawford,Crawford,[sqlproxy.007hk6n1m17pjz15wwilw0ijzhd4].[usr:Calculation_1776951594566152212:qk],Percent of Population Who Has Received First Dose,3.8%
203,Cooper,Cooper,[sqlproxy.007hk6n1m17pjz15wwilw0ijzhd4].[usr:Calculation_1776951594566152212:qk],Percent of Population Who Has Received First Dose,11.4%
204,Cole,Cole,[sqlproxy.007hk6n1m17pjz15wwilw0ijzhd4].[usr:Calculation_1776951594566152212:qk],Percent of Population Who Has Received First Dose,12.6%
205,Clinton,Clinton,[sqlproxy.007hk6n1m17pjz15wwilw0ijzhd4].[usr:Calculation_1776951594566152212:qk],Percent of Population Who Has Received First Dose,7.7%
206,Clay,Clay,[sqlproxy.007hk6n1m17pjz15wwilw0ijzhd4].[usr:Calculation_1776951594566152212:qk],Percent of Population Who Has Received First Dose,7.5%
207,Clark,Clark,[sqlproxy.007hk6n1m17pjz15wwilw0ijzhd4].[usr:Calculation_1776951594566152212:qk],Percent of Population Who Has Received First Dose,5.6%
208,Christian,Christian,[sqlproxy.007hk6n1m17pjz15wwilw0ijzhd4].[usr:Calculation_1776951594566152212:qk],Percent of Population Who Has Received First Dose,7.3%
209,Chariton,Chariton,[sqlproxy.007hk6n1m17pjz15wwilw0ijzhd4].[usr:Calculation_1776951594566152212:qk],Percent of Population Who Has Received First Dose,11.1%
210,Cedar,Cedar,[sqlproxy.007hk6n1m17pjz15wwilw0ijzhd4].[usr:Calculation_1776951594566152212:qk],Percent of Population Who Has Received First Dose,6.1%
211,Cass,Cass,[sqlproxy.007hk6n1m17pjz15wwilw0ijzhd4].[usr:Calculation_1776951594566152212:qk],Percent of Population Who Has Received First Dose,5.4%
212,Carter,Carter,[sqlproxy.007hk6n1m17pjz15wwilw0ijzhd4].[usr:Calculation_1776951594566152212:qk],Percent of Population Who Has Received First Dose,11.2%
213,Carroll,Carroll,[sqlproxy.007hk6n1m17pjz15wwilw0ijzhd4].[usr:Calculation_1776951594566152212:qk],Percent of Population Who Has Received First Dose,6.6%
214,Cape Girardeau,Cape Girardeau,[sqlproxy.007hk6n1m17pjz15wwilw0ijzhd4].[usr:Calculation_1776951594566152212:qk],Percent of Population Who Has Received First Dose,14.4%
215,Camden,Camden,[sqlproxy.007hk6n1m17pjz15wwilw0ijzhd4].[usr:Calculation_1776951594566152212:qk],Percent of Population Who Has Received First Dose,9.1%
216,Callaway,Callaway,[sqlproxy.007hk6n1m17pjz15wwilw0ijzhd4].[usr:Calculation_1776951594566152212:qk],Percent of Population Who Has Received First Dose,9.3%
217,Caldwell,Caldwell,[sqlproxy.007hk6n1m17pjz15wwilw0ijzhd4].[usr:Calculation_1776951594566152212:qk],Percent of Population Who Has Received First Dose,5.5%
218,Butler,Butler,[sqlproxy.007hk6n1m17pjz15wwilw0ijzhd4].[usr:Calculation_1776951594566152212:qk],Percent of Population Who Has Received First Dose,7.7%
219,Buchanan,Buchanan,[sqlproxy.007hk6n1m17pjz15wwilw0ijzhd4].[usr:Calculation_1776951594566152212:qk],Percent of Population Who Has Received First Dose,6.7%
220,Boone,Boone,[sqlproxy.007hk6n1m17pjz15wwilw0ijzhd4].[usr:Calculation_1776951594566152212:qk],Percent of Population Who Has Received First Dose,12.1%
221,Bollinger,Bollinger,[sqlproxy.007hk6n1m17pjz15wwilw0ijzhd4].[usr:Calculation_1776951594566152212:qk],Percent of Population Who Has Received First Dose,10.2%
222,Benton,Benton,[sqlproxy.007hk6n1m17pjz15wwilw0ijzhd4].[usr:Calculation_1776951594566152212:qk],Percent of Population Who Has Received First Dose,11.2%
223,Bates,Bates,[sqlproxy.007hk6n1m17pjz15wwilw0ijzhd4].[usr:Calculation_1776951594566152212:qk],Percent of Population Who Has Received First Dose,6.1%
224,Barton,Barton,[sqlproxy.007hk6n1m17pjz15wwilw0ijzhd4].[usr:Calculation_1776951594566152212:qk],Percent of Population Who Has Received First Dose,5.1%
225,Barry,Barry,[sqlproxy.007hk6n1m17pjz15wwilw0ijzhd4].[usr:Calculation_1776951594566152212:qk],Percent of Population Who Has Received First Dose,4.2%
226,Audrain,Audrain,[sqlproxy.007hk6n1m17pjz15wwilw0ijzhd4].[usr:Calculation_1776951594566152212:qk],Percent of Population Who Has Received First Dose,10.9%
227,Atchison,Atchison,[sqlproxy.007hk6n1m17pjz15wwilw0ijzhd4].[usr:Calculation_1776951594566152212:qk],Percent of Population Who Has Received First Dose,16.1%
228,Andrew,Andrew,[sqlproxy.007hk6n1m17pjz15wwilw0ijzhd4].[usr:Calculation_1776951594566152212:qk],Percent of Population Who Has Received First Dose,10.0%
229,Adair,Adair,[sqlproxy.007hk6n1m17pjz15wwilw0ijzhd4].[usr:Calculation_1776951594566152212:qk],Percent of Population Who Has Received First Dose,6.1%
230,Wright,Wright,[sqlproxy.007hk6n1m17pjz15wwilw0ijzhd4].[usr:First COVID-19 Dose Administered (copy)_1776951594574057496:qk],Second COVID-19 Dose Administered,206
231,Worth,Worth,[sqlproxy.007hk6n1m17pjz15wwilw0ijzhd4].[usr:First COVID-19 Dose Administered (copy)_1776951594574057496:qk],Second COVID-19 Dose Administered,56
232,Webster,Webster,[sqlproxy.007hk6n1m17pjz15wwilw0ijzhd4].[usr:First COVID-19 Dose Administered (copy)_1776951594574057496:qk],Second COVID-19 Dose Administered,821
233,Wayne,Wayne,[sqlproxy.007hk6n1m17pjz15wwilw0ijzhd4].[usr:First COVID-19 Dose Administered (copy)_1776951594574057496:qk],Second COVID-19 Dose Administered,102
234,Washington,Washington,[sqlproxy.007hk6n1m17pjz15wwilw0ijzhd4].[usr:First COVID-19 Dose Administered (copy)_1776951594574057496:qk],Second COVID-19 Dose Administered,260
235,Warren,Warren,[sqlproxy.007hk6n1m17pjz15wwilw0ijzhd4].[usr:First COVID-19 Dose Administered (copy)_1776951594574057496:qk],Second COVID-19 Dose Administered,476
236,Vernon,Vernon,[sqlproxy.007hk6n1m17pjz15wwilw0ijzhd4].[usr:First COVID-19 Dose Administered (copy)_1776951594574057496:qk],Second COVID-19 Dose Administered,379
237,Texas,Texas,[sqlproxy.007hk6n1m17pjz15wwilw0ijzhd4].[usr:First COVID-19 Dose Administered (copy)_1776951594574057496:qk],Second COVID-19 Dose Administered,180
238,Taney,Taney,[sqlproxy.007hk6n1m17pjz15wwilw0ijzhd4].[usr:First COVID-19 Dose Administered (copy)_1776951594574057496:qk],Second COVID-19 Dose Administered,746
239,Sullivan,Sullivan,[sqlproxy.007hk6n1m17pjz15wwilw0ijzhd4].[usr:First COVID-19 Dose Administered (copy)_1776951594574057496:qk],Second COVID-19 Dose Administered,39
240,Stone,Stone,[sqlproxy.007hk6n1m17pjz15wwilw0ijzhd4].[usr:First COVID-19 Dose Administered (copy)_1776951594574057496:qk],Second COVID-19 Dose Administered,275
241,Stoddard,Stoddard,[sqlproxy.007hk6n1m17pjz15wwilw0ijzhd4].[usr:First COVID-19 Dose Administered (copy)_1776951594574057496:qk],Second COVID-19 Dose Administered,386
242,Ste. Genevieve,Ste. Genevieve,[sqlproxy.007hk6n1m17pjz15wwilw0ijzhd4].[usr:First COVID-19 Dose Administered (copy)_1776951594574057496:qk],Second COVID-19 Dose Administered,339
243,St. Louis City,St. Louis City,[sqlproxy.007hk6n1m17pjz15wwilw0ijzhd4].[usr:First COVID-19 Dose Administered (copy)_1776951594574057496:qk],Second COVID-19 Dose Administered,"8,454"
244,St. Louis,St. Louis,[sqlproxy.007hk6n1m17pjz15wwilw0ijzhd4].[usr:First COVID-19 Dose Administered (copy)_1776951594574057496:qk],Second COVID-19 Dose Administered,"26,952"
245,St. Francois,St. Francois,[sqlproxy.007hk6n1m17pjz15wwilw0ijzhd4].[usr:First COVID-19 Dose Administered (copy)_1776951594574057496:qk],Second COVID-19 Dose Administered,"1,567"
246,St. Clair,St. Clair,[sqlproxy.007hk6n1m17pjz15wwilw0ijzhd4].[usr:First COVID-19 Dose Administered (copy)_1776951594574057496:qk],Second COVID-19 Dose Administered,81
247,St. Charles,St. Charles,[sqlproxy.007hk6n1m17pjz15wwilw0ijzhd4].[usr:First COVID-19 Dose Administered (copy)_1776951594574057496:qk],Second COVID-19 Dose Administered,"9,001"
248,Shelby,Shelby,[sqlproxy.007hk6n1m17pjz15wwilw0ijzhd4].[usr:First COVID-19 Dose Administered (copy)_1776951594574057496:qk],Second COVID-19 Dose Administered,141
249,Shannon,Shannon,[sqlproxy.007hk6n1m17pjz15wwilw0ijzhd4].[usr:First COVID-19 Dose Administered (copy)_1776951594574057496:qk],Second COVID-19 Dose Administered,41
250,Scott,Scott,[sqlproxy.007hk6n1m17pjz15wwilw0ijzhd4].[usr:First COVID-19 Dose Administered (copy)_1776951594574057496:qk],Second COVID-19 Dose Administered,978
251,Scotland,Scotland,[sqlproxy.007hk6n1m17pjz15wwilw0ijzhd4].[usr:First COVID-19 Dose Administered (copy)_1776951594574057496:qk],Second COVID-19 Dose Administered,57
252,Schuyler,Schuyler,[sqlproxy.007hk6n1m17pjz15wwilw0ijzhd4].[usr:First COVID-19 Dose Administered (copy)_1776951594574057496:qk],Second COVID-19 Dose Administered,37
253,Saline,Saline,[sqlproxy.007hk6n1m17pjz15wwilw0ijzhd4].[usr:First COVID-19 Dose Administered (copy)_1776951594574057496:qk],Second COVID-19 Dose Administered,542
254,Ripley,Ripley,[sqlproxy.007hk6n1m17pjz15wwilw0ijzhd4].[usr:First COVID-19 Dose Administered (copy)_1776951594574057496:qk],Second COVID-19 Dose Administered,470
255,Reynolds,Reynolds,[sqlproxy.007hk6n1m17pjz15wwilw0ijzhd4].[usr:First COVID-19 Dose Administered (copy)_1776951594574057496:qk],Second COVID-19 Dose Administered,19
256,Ray,Ray,[sqlproxy.007hk6n1m17pjz15wwilw0ijzhd4].[usr:First COVID-19 Dose Administered (copy)_1776951594574057496:qk],Second COVID-19 Dose Administered,363
257,Randolph,Randolph,[sqlproxy.007hk6n1m17pjz15wwilw0ijzhd4].[usr:First COVID-19 Dose Administered (copy)_1776951594574057496:qk],Second COVID-19 Dose Administered,323
258,Ralls,Ralls,[sqlproxy.007hk6n1m17pjz15wwilw0ijzhd4].[usr:First COVID-19 Dose Administered (copy)_1776951594574057496:qk],Second COVID-19 Dose Administered,129
259,Putnam,Putnam,[sqlproxy.007hk6n1m17pjz15wwilw0ijzhd4].[usr:First COVID-19 Dose Administered (copy)_1776951594574057496:qk],Second COVID-19 Dose Administered,14
260,Pulaski,Pulaski,[sqlproxy.007hk6n1m17pjz15wwilw0ijzhd4].[usr:First COVID-19 Dose Administered (copy)_1776951594574057496:qk],Second COVID-19 Dose Administered,526
261,Polk,Polk,[sqlproxy.007hk6n1m17pjz15wwilw0ijzhd4].[usr:First COVID-19 Dose Administered (copy)_1776951594574057496:qk],Second COVID-19 Dose Administered,652
262,Platte,Platte,[sqlproxy.007hk6n1m17pjz15wwilw0ijzhd4].[usr:First COVID-19 Dose Administered (copy)_1776951594574057496:qk],Second COVID-19 Dose Administered,"2,543"
263,Pike,Pike,[sqlproxy.007hk6n1m17pjz15wwilw0ijzhd4].[usr:First COVID-19 Dose Administered (copy)_1776951594574057496:qk],Second COVID-19 Dose Administered,209
264,Phelps,Phelps,[sqlproxy.007hk6n1m17pjz15wwilw0ijzhd4].[usr:First COVID-19 Dose Administered (copy)_1776951594574057496:qk],Second COVID-19 Dose Administered,"1,411"
265,Pettis,Pettis,[sqlproxy.007hk6n1m17pjz15wwilw0ijzhd4].[usr:First COVID-19 Dose Administered (copy)_1776951594574057496:qk],Second COVID-19 Dose Administered,762
266,Perry,Perry,[sqlproxy.007hk6n1m17pjz15wwilw0ijzhd4].[usr:First COVID-19 Dose Administered (copy)_1776951594574057496:qk],Second COVID-19 Dose Administered,252
267,Pemiscot,Pemiscot,[sqlproxy.007hk6n1m17pjz15wwilw0ijzhd4].[usr:First COVID-19 Dose Administered (copy)_1776951594574057496:qk],Second COVID-19 Dose Administered,102
268,Ozark,Ozark,[sqlproxy.007hk6n1m17pjz15wwilw0ijzhd4].[usr:First COVID-19 Dose Administered (copy)_1776951594574057496:qk],Second COVID-19 Dose Administered,54
269,Osage,Osage,[sqlproxy.007hk6n1m17pjz15wwilw0ijzhd4].[usr:First COVID-19 Dose Administered (copy)_1776951594574057496:qk],Second COVID-19 Dose Administered,146
270,Oregon,Oregon,[sqlproxy.007hk6n1m17pjz15wwilw0ijzhd4].[usr:First COVID-19 Dose Administered (copy)_1776951594574057496:qk],Second COVID-19 Dose Administered,125
271,Nodaway,Nodaway,[sqlproxy.007hk6n1m17pjz15wwilw0ijzhd4].[usr:First COVID-19 Dose Administered (copy)_1776951594574057496:qk],Second COVID-19 Dose Administered,364
272,Newton,Newton,[sqlproxy.007hk6n1m17pjz15wwilw0ijzhd4].[usr:First COVID-19 Dose Administered (copy)_1776951594574057496:qk],Second COVID-19 Dose Administered,642
273,NewMadrid,NewMadrid,[sqlproxy.007hk6n1m17pjz15wwilw0ijzhd4].[usr:First COVID-19 Dose Administered (copy)_1776951594574057496:qk],Second COVID-19 Dose Administered,272
274,Morgan,Morgan,[sqlproxy.007hk6n1m17pjz15wwilw0ijzhd4].[usr:First COVID-19 Dose Administered (copy)_1776951594574057496:qk],Second COVID-19 Dose Administered,238
275,Montgomery,Montgomery,[sqlproxy.007hk6n1m17pjz15wwilw0ijzhd4].[usr:First COVID-19 Dose Administered (copy)_1776951594574057496:qk],Second COVID-19 Dose Administered,172
276,Monroe,Monroe,[sqlproxy.007hk6n1m17pjz15wwilw0ijzhd4].[usr:First COVID-19 Dose Administered (copy)_1776951594574057496:qk],Second COVID-19 Dose Administered,189
277,Moniteau,Moniteau,[sqlproxy.007hk6n1m17pjz15wwilw0ijzhd4].[usr:First COVID-19 Dose Administered (copy)_1776951594574057496:qk],Second COVID-19 Dose Administered,225
278,Mississippi,Mississippi,[sqlproxy.007hk6n1m17pjz15wwilw0ijzhd4].[usr:First COVID-19 Dose Administered (copy)_1776951594574057496:qk],Second COVID-19 Dose Administered,200
279,Miller,Miller,[sqlproxy.007hk6n1m17pjz15wwilw0ijzhd4].[usr:First COVID-19 Dose Administered (copy)_1776951594574057496:qk],Second COVID-19 Dose Administered,314
280,Mercer,Mercer,[sqlproxy.007hk6n1m17pjz15wwilw0ijzhd4].[usr:First COVID-19 Dose Administered (copy)_1776951594574057496:qk],Second COVID-19 Dose Administered,26
281,McDonald,McDonald,[sqlproxy.007hk6n1m17pjz15wwilw0ijzhd4].[usr:First COVID-19 Dose Administered (copy)_1776951594574057496:qk],Second COVID-19 Dose Administered,161
282,Marion,Marion,[sqlproxy.007hk6n1m17pjz15wwilw0ijzhd4].[usr:First COVID-19 Dose Administered (copy)_1776951594574057496:qk],Second COVID-19 Dose Administered,716
283,Maries,Maries,[sqlproxy.007hk6n1m17pjz15wwilw0ijzhd4].[usr:First COVID-19 Dose Administered (copy)_1776951594574057496:qk],Second COVID-19 Dose Administered,129
284,Madison,Madison,[sqlproxy.007hk6n1m17pjz15wwilw0ijzhd4].[usr:First COVID-19 Dose Administered (copy)_1776951594574057496:qk],Second COVID-19 Dose Administered,198
285,Macon,Macon,[sqlproxy.007hk6n1m17pjz15wwilw0ijzhd4].[usr:First COVID-19 Dose Administered (copy)_1776951594574057496:qk],Second COVID-19 Dose Administered,201
286,Livingston,Livingston,[sqlproxy.007hk6n1m17pjz15wwilw0ijzhd4].[usr:First COVID-19 Dose Administered (copy)_1776951594574057496:qk],Second COVID-19 Dose Administered,318
287,Linn,Linn,[sqlproxy.007hk6n1m17pjz15wwilw0ijzhd4].[usr:First COVID-19 Dose Administered (copy)_1776951594574057496:qk],Second COVID-19 Dose Administered,188
288,Lincoln,Lincoln,[sqlproxy.007hk6n1m17pjz15wwilw0ijzhd4].[usr:First COVID-19 Dose Administered (copy)_1776951594574057496:qk],Second COVID-19 Dose Administered,709
289,Lewis,Lewis,[sqlproxy.007hk6n1m17pjz15wwilw0ijzhd4].[usr:First COVID-19 Dose Administered (copy)_1776951594574057496:qk],Second COVID-19 Dose Administered,53
290,Lawrence,Lawrence,[sqlproxy.007hk6n1m17pjz15wwilw0ijzhd4].[usr:First COVID-19 Dose Administered (copy)_1776951594574057496:qk],Second COVID-19 Dose Administered,445
291,Lafayette,Lafayette,[sqlproxy.007hk6n1m17pjz15wwilw0ijzhd4].[usr:First COVID-19 Dose Administered (copy)_1776951594574057496:qk],Second COVID-19 Dose Administered,673
292,Laclede,Laclede,[sqlproxy.007hk6n1m17pjz15wwilw0ijzhd4].[usr:First COVID-19 Dose Administered (copy)_1776951594574057496:qk],Second COVID-19 Dose Administered,670
293,Knox,Knox,[sqlproxy.007hk6n1m17pjz15wwilw0ijzhd4].[usr:First COVID-19 Dose Administered (copy)_1776951594574057496:qk],Second COVID-19 Dose Administered,44
294,Johnson,Johnson,[sqlproxy.007hk6n1m17pjz15wwilw0ijzhd4].[usr:First COVID-19 Dose Administered (copy)_1776951594574057496:qk],Second COVID-19 Dose Administered,701
295,Jefferson,Jefferson,[sqlproxy.007hk6n1m17pjz15wwilw0ijzhd4].[usr:First COVID-19 Dose Administered (copy)_1776951594574057496:qk],Second COVID-19 Dose Administered,"4,585"
296,Jasper,Jasper,[sqlproxy.007hk6n1m17pjz15wwilw0ijzhd4].[usr:First COVID-19 Dose Administered (copy)_1776951594574057496:qk],Second COVID-19 Dose Administered,"3,022"
297,Jackson,Jackson,[sqlproxy.007hk6n1m17pjz15wwilw0ijzhd4].[usr:First COVID-19 Dose Administered (copy)_1776951594574057496:qk],Second COVID-19 Dose Administered,"16,024"
298,Iron,Iron,[sqlproxy.007hk6n1m17pjz15wwilw0ijzhd4].[usr:First COVID-19 Dose Administered (copy)_1776951594574057496:qk],Second COVID-19 Dose Administered,157
299,Howell,Howell,[sqlproxy.007hk6n1m17pjz15wwilw0ijzhd4].[usr:First COVID-19 Dose Administered (copy)_1776951594574057496:qk],Second COVID-19 Dose Administered,553
300,Howard,Howard,[sqlproxy.007hk6n1m17pjz15wwilw0ijzhd4].[usr:First COVID-19 Dose Administered (copy)_1776951594574057496:qk],Second COVID-19 Dose Administered,141
301,Holt,Holt,[sqlproxy.007hk6n1m17pjz15wwilw0ijzhd4].[usr:First COVID-19 Dose Administered (copy)_1776951594574057496:qk],Second COVID-19 Dose Administered,99
302,Hickory,Hickory,[sqlproxy.007hk6n1m17pjz15wwilw0ijzhd4].[usr:First COVID-19 Dose Administered (copy)_1776951594574057496:qk],Second COVID-19 Dose Administered,78
303,Henry,Henry,[sqlproxy.007hk6n1m17pjz15wwilw0ijzhd4].[usr:First COVID-19 Dose Administered (copy)_1776951594574057496:qk],Second COVID-19 Dose Administered,326
304,Harrison,Harrison,[sqlproxy.007hk6n1m17pjz15wwilw0ijzhd4].[usr:First COVID-19 Dose Administered (copy)_1776951594574057496:qk],Second COVID-19 Dose Administered,119
305,Grundy,Grundy,[sqlproxy.007hk6n1m17pjz15wwilw0ijzhd4].[usr:First COVID-19 Dose Administered (copy)_1776951594574057496:qk],Second COVID-19 Dose Administered,130
306,Greene,Greene,[sqlproxy.007hk6n1m17pjz15wwilw0ijzhd4].[usr:First COVID-19 Dose Administered (copy)_1776951594574057496:qk],Second COVID-19 Dose Administered,"9,190"
307,Gentry,Gentry,[sqlproxy.007hk6n1m17pjz15wwilw0ijzhd4].[usr:First COVID-19 Dose Administered (copy)_1776951594574057496:qk],Second COVID-19 Dose Administered,206
308,Gasconade,Gasconade,[sqlproxy.007hk6n1m17pjz15wwilw0ijzhd4].[usr:First COVID-19 Dose Administered (copy)_1776951594574057496:qk],Second COVID-19 Dose Administered,368
309,Franklin,Franklin,[sqlproxy.007hk6n1m17pjz15wwilw0ijzhd4].[usr:First COVID-19 Dose Administered (copy)_1776951594574057496:qk],Second COVID-19 Dose Administered,"2,597"
310,Dunklin,Dunklin,[sqlproxy.007hk6n1m17pjz15wwilw0ijzhd4].[usr:First COVID-19 Dose Administered (copy)_1776951594574057496:qk],Second COVID-19 Dose Administered,234
311,Douglas,Douglas,[sqlproxy.007hk6n1m17pjz15wwilw0ijzhd4].[usr:First COVID-19 Dose Administered (copy)_1776951594574057496:qk],Second COVID-19 Dose Administered,202
312,Dent,Dent,[sqlproxy.007hk6n1m17pjz15wwilw0ijzhd4].[usr:First COVID-19 Dose Administered (copy)_1776951594574057496:qk],Second COVID-19 Dose Administered,281
313,DeKalb,DeKalb,[sqlproxy.007hk6n1m17pjz15wwilw0ijzhd4].[usr:First COVID-19 Dose Administered (copy)_1776951594574057496:qk],Second COVID-19 Dose Administered,136
314,Daviess,Daviess,[sqlproxy.007hk6n1m17pjz15wwilw0ijzhd4].[usr:First COVID-19 Dose Administered (copy)_1776951594574057496:qk],Second COVID-19 Dose Administered,112
315,Dallas,Dallas,[sqlproxy.007hk6n1m17pjz15wwilw0ijzhd4].[usr:First COVID-19 Dose Administered (copy)_1776951594574057496:qk],Second COVID-19 Dose Administered,185
316,Dade,Dade,[sqlproxy.007hk6n1m17pjz15wwilw0ijzhd4].[usr:First COVID-19 Dose Administered (copy)_1776951594574057496:qk],Second COVID-19 Dose Administered,175
317,Crawford,Crawford,[sqlproxy.007hk6n1m17pjz15wwilw0ijzhd4].[usr:First COVID-19 Dose Administered (copy)_1776951594574057496:qk],Second COVID-19 Dose Administered,231
318,Cooper,Cooper,[sqlproxy.007hk6n1m17pjz15wwilw0ijzhd4].[usr:First COVID-19 Dose Administered (copy)_1776951594574057496:qk],Second COVID-19 Dose Administered,330
319,Cole,Cole,[sqlproxy.007hk6n1m17pjz15wwilw0ijzhd4].[usr:First COVID-19 Dose Administered (copy)_1776951594574057496:qk],Second COVID-19 Dose Administered,"1,779"
320,Clinton,Clinton,[sqlproxy.007hk6n1m17pjz15wwilw0ijzhd4].[usr:First COVID-19 Dose Administered (copy)_1776951594574057496:qk],Second COVID-19 Dose Administered,487
321,Clay,Clay,[sqlproxy.007hk6n1m17pjz15wwilw0ijzhd4].[usr:First COVID-19 Dose Administered (copy)_1776951594574057496:qk],Second COVID-19 Dose Administered,"6,591"
322,Clark,Clark,[sqlproxy.007hk6n1m17pjz15wwilw0ijzhd4].[usr:First COVID-19 Dose Administered (copy)_1776951594574057496:qk],Second COVID-19 Dose Administered,20
323,Christian,Christian,[sqlproxy.007hk6n1m17pjz15wwilw0ijzhd4].[usr:First COVID-19 Dose Administered (copy)_1776951594574057496:qk],Second COVID-19 Dose Administered,"2,530"
324,Chariton,Chariton,[sqlproxy.007hk6n1m17pjz15wwilw0ijzhd4].[usr:First COVID-19 Dose Administered (copy)_1776951594574057496:qk],Second COVID-19 Dose Administered,77
325,Cedar,Cedar,[sqlproxy.007hk6n1m17pjz15wwilw0ijzhd4].[usr:First COVID-19 Dose Administered (copy)_1776951594574057496:qk],Second COVID-19 Dose Administered,184
326,Cass,Cass,[sqlproxy.007hk6n1m17pjz15wwilw0ijzhd4].[usr:First COVID-19 Dose Administered (copy)_1776951594574057496:qk],Second COVID-19 Dose Administered,"1,852"
327,Carter,Carter,[sqlproxy.007hk6n1m17pjz15wwilw0ijzhd4].[usr:First COVID-19 Dose Administered (copy)_1776951594574057496:qk],Second COVID-19 Dose Administered,68
328,Carroll,Carroll,[sqlproxy.007hk6n1m17pjz15wwilw0ijzhd4].[usr:First COVID-19 Dose Administered (copy)_1776951594574057496:qk],Second COVID-19 Dose Administered,179
329,Cape Girardeau,Cape Girardeau,[sqlproxy.007hk6n1m17pjz15wwilw0ijzhd4].[usr:First COVID-19 Dose Administered (copy)_1776951594574057496:qk],Second COVID-19 Dose Administered,"2,797"
330,Camden,Camden,[sqlproxy.007hk6n1m17pjz15wwilw0ijzhd4].[usr:First COVID-19 Dose Administered (copy)_1776951594574057496:qk],Second COVID-19 Dose Administered,786
331,Callaway,Callaway,[sqlproxy.007hk6n1m17pjz15wwilw0ijzhd4].[usr:First COVID-19 Dose Administered (copy)_1776951594574057496:qk],Second COVID-19 Dose Administered,"1,413"
332,Caldwell,Caldwell,[sqlproxy.007hk6n1m17pjz15wwilw0ijzhd4].[usr:First COVID-19 Dose Administered (copy)_1776951594574057496:qk],Second COVID-19 Dose Administered,207
333,Butler,Butler,[sqlproxy.007hk6n1m17pjz15wwilw0ijzhd4].[usr:First COVID-19 Dose Administered (copy)_1776951594574057496:qk],Second COVID-19 Dose Administered,709
334,Buchanan,Buchanan,[sqlproxy.007hk6n1m17pjz15wwilw0ijzhd4].[usr:First COVID-19 Dose Administered (copy)_1776951594574057496:qk],Second COVID-19 Dose Administered,"1,643"
335,Boone,Boone,[sqlproxy.007hk6n1m17pjz15wwilw0ijzhd4].[usr:First COVID-19 Dose Administered (copy)_1776951594574057496:qk],Second COVID-19 Dose Administered,"8,683"
336,Bollinger,Bollinger,[sqlproxy.007hk6n1m17pjz15wwilw0ijzhd4].[usr:First COVID-19 Dose Administered (copy)_1776951594574057496:qk],Second COVID-19 Dose Administered,149
337,Benton,Benton,[sqlproxy.007hk6n1m17pjz15wwilw0ijzhd4].[usr:First COVID-19 Dose Administered (copy)_1776951594574057496:qk],Second COVID-19 Dose Administered,313
338,Bates,Bates,[sqlproxy.007hk6n1m17pjz15wwilw0ijzhd4].[usr:First COVID-19 Dose Administered (copy)_1776951594574057496:qk],Second COVID-19 Dose Administered,318
339,Barton,Barton,[sqlproxy.007hk6n1m17pjz15wwilw0ijzhd4].[usr:First COVID-19 Dose Administered (copy)_1776951594574057496:qk],Second COVID-19 Dose Administered,152
340,Barry,Barry,[sqlproxy.007hk6n1m17pjz15wwilw0ijzhd4].[usr:First COVID-19 Dose Administered (copy)_1776951594574057496:qk],Second COVID-19 Dose Administered,429
341,Audrain,Audrain,[sqlproxy.007hk6n1m17pjz15wwilw0ijzhd4].[usr:First COVID-19 Dose Administered (copy)_1776951594574057496:qk],Second COVID-19 Dose Administered,372
342,Atchison,Atchison,[sqlproxy.007hk6n1m17pjz15wwilw0ijzhd4].[usr:First COVID-19 Dose Administered (copy)_1776951594574057496:qk],Second COVID-19 Dose Administered,135
343,Andrew,Andrew,[sqlproxy.007hk6n1m17pjz15wwilw0ijzhd4].[usr:First COVID-19 Dose Administered (copy)_1776951594574057496:qk],Second COVID-19 Dose Administered,362
344,Adair,Adair,[sqlproxy.007hk6n1m17pjz15wwilw0ijzhd4].[usr:First COVID-19 Dose Administered (copy)_1776951594574057496:qk],Second COVID-19 Dose Administered,956
345,Wright,Wright,[sqlproxy.007hk6n1m17pjz15wwilw0ijzhd4].[usr:COVID-19 Doses Administered (copy)_1776951594565890067:qk],First COVID-19 Dose Administered,888
346,Worth,Worth,[sqlproxy.007hk6n1m17pjz15wwilw0ijzhd4].[usr:COVID-19 Doses Administered (copy)_1776951594565890067:qk],First COVID-19 Dose Administered,256
347,Webster,Webster,[sqlproxy.007hk6n1m17pjz15wwilw0ijzhd4].[usr:COVID-19 Doses Administered (copy)_1776951594565890067:qk],First COVID-19 Dose Administered,"2,824"
348,Wayne,Wayne,[sqlproxy.007hk6n1m17pjz15wwilw0ijzhd4].[usr:COVID-19 Doses Administered (copy)_1776951594565890067:qk],First COVID-19 Dose Administered,875
349,Washington,Washington,[sqlproxy.007hk6n1m17pjz15wwilw0ijzhd4].[usr:COVID-19 Doses Administered (copy)_1776951594565890067:qk],First COVID-19 Dose Administered,"1,545"
350,Warren,Warren,[sqlproxy.007hk6n1m17pjz15wwilw0ijzhd4].[usr:COVID-19 Doses Administered (copy)_1776951594565890067:qk],First COVID-19 Dose Administered,"1,673"
351,Vernon,Vernon,[sqlproxy.007hk6n1m17pjz15wwilw0ijzhd4].[usr:COVID-19 Doses Administered (copy)_1776951594565890067:qk],First COVID-19 Dose Administered,"1,419"
352,Texas,Texas,[sqlproxy.007hk6n1m17pjz15wwilw0ijzhd4].[usr:COVID-19 Doses Administered (copy)_1776951594565890067:qk],First COVID-19 Dose Administered,"1,461"
353,Taney,Taney,[sqlproxy.007hk6n1m17pjz15wwilw0ijzhd4].[usr:COVID-19 Doses Administered (copy)_1776951594565890067:qk],First COVID-19 Dose Administered,"2,891"
354,Sullivan,Sullivan,[sqlproxy.007hk6n1m17pjz15wwilw0ijzhd4].[usr:COVID-19 Doses Administered (copy)_1776951594565890067:qk],First COVID-19 Dose Administered,581
355,Stone,Stone,[sqlproxy.007hk6n1m17pjz15wwilw0ijzhd4].[usr:COVID-19 Doses Administered (copy)_1776951594565890067:qk],First COVID-19 Dose Administered,"2,050"
356,Stoddard,Stoddard,[sqlproxy.007hk6n1m17pjz15wwilw0ijzhd4].[usr:COVID-19 Doses Administered (copy)_1776951594565890067:qk],First COVID-19 Dose Administered,"2,536"
357,Ste. Genevieve,Ste. Genevieve,[sqlproxy.007hk6n1m17pjz15wwilw0ijzhd4].[usr:COVID-19 Doses Administered (copy)_1776951594565890067:qk],First COVID-19 Dose Administered,"1,965"
358,St. Louis City,St. Louis City,[sqlproxy.007hk6n1m17pjz15wwilw0ijzhd4].[usr:COVID-19 Doses Administered (copy)_1776951594565890067:qk],First COVID-19 Dose Administered,"19,477"
359,St. Louis,St. Louis,[sqlproxy.007hk6n1m17pjz15wwilw0ijzhd4].[usr:COVID-19 Doses Administered (copy)_1776951594565890067:qk],First COVID-19 Dose Administered,"78,909"
360,St. Francois,St. Francois,[sqlproxy.007hk6n1m17pjz15wwilw0ijzhd4].[usr:COVID-19 Doses Administered (copy)_1776951594565890067:qk],First COVID-19 Dose Administered,"4,823"
361,St. Clair,St. Clair,[sqlproxy.007hk6n1m17pjz15wwilw0ijzhd4].[usr:COVID-19 Doses Administered (copy)_1776951594565890067:qk],First COVID-19 Dose Administered,631
362,St. Charles,St. Charles,[sqlproxy.007hk6n1m17pjz15wwilw0ijzhd4].[usr:COVID-19 Doses Administered (copy)_1776951594565890067:qk],First COVID-19 Dose Administered,"28,103"
363,Shelby,Shelby,[sqlproxy.007hk6n1m17pjz15wwilw0ijzhd4].[usr:COVID-19 Doses Administered (copy)_1776951594565890067:qk],First COVID-19 Dose Administered,"1,067"
364,Shannon,Shannon,[sqlproxy.007hk6n1m17pjz15wwilw0ijzhd4].[usr:COVID-19 Doses Administered (copy)_1776951594565890067:qk],First COVID-19 Dose Administered,389
365,Scott,Scott,[sqlproxy.007hk6n1m17pjz15wwilw0ijzhd4].[usr:COVID-19 Doses Administered (copy)_1776951594565890067:qk],First COVID-19 Dose Administered,"5,373"
366,Scotland,Scotland,[sqlproxy.007hk6n1m17pjz15wwilw0ijzhd4].[usr:COVID-19 Doses Administered (copy)_1776951594565890067:qk],First COVID-19 Dose Administered,508
367,Schuyler,Schuyler,[sqlproxy.007hk6n1m17pjz15wwilw0ijzhd4].[usr:COVID-19 Doses Administered (copy)_1776951594565890067:qk],First COVID-19 Dose Administered,276
368,Saline,Saline,[sqlproxy.007hk6n1m17pjz15wwilw0ijzhd4].[usr:COVID-19 Doses Administered (copy)_1776951594565890067:qk],First COVID-19 Dose Administered,"2,729"
369,Ripley,Ripley,[sqlproxy.007hk6n1m17pjz15wwilw0ijzhd4].[usr:COVID-19 Doses Administered (copy)_1776951594565890067:qk],First COVID-19 Dose Administered,997
370,Reynolds,Reynolds,[sqlproxy.007hk6n1m17pjz15wwilw0ijzhd4].[usr:COVID-19 Doses Administered (copy)_1776951594565890067:qk],First COVID-19 Dose Administered,209
371,Ray,Ray,[sqlproxy.007hk6n1m17pjz15wwilw0ijzhd4].[usr:COVID-19 Doses Administered (copy)_1776951594565890067:qk],First COVID-19 Dose Administered,"1,581"
372,Randolph,Randolph,[sqlproxy.007hk6n1m17pjz15wwilw0ijzhd4].[usr:COVID-19 Doses Administered (copy)_1776951594565890067:qk],First COVID-19 Dose Administered,"2,096"
373,Ralls,Ralls,[sqlproxy.007hk6n1m17pjz15wwilw0ijzhd4].[usr:COVID-19 Doses Administered (copy)_1776951594565890067:qk],First COVID-19 Dose Administered,885
374,Putnam,Putnam,[sqlproxy.007hk6n1m17pjz15wwilw0ijzhd4].[usr:COVID-19 Doses Administered (copy)_1776951594565890067:qk],First COVID-19 Dose Administered,433
375,Pulaski,Pulaski,[sqlproxy.007hk6n1m17pjz15wwilw0ijzhd4].[usr:COVID-19 Doses Administered (copy)_1776951594565890067:qk],First COVID-19 Dose Administered,"1,800"
376,Polk,Polk,[sqlproxy.007hk6n1m17pjz15wwilw0ijzhd4].[usr:COVID-19 Doses Administered (copy)_1776951594565890067:qk],First COVID-19 Dose Administered,"2,531"
377,Platte,Platte,[sqlproxy.007hk6n1m17pjz15wwilw0ijzhd4].[usr:COVID-19 Doses Administered (copy)_1776951594565890067:qk],First COVID-19 Dose Administered,"7,340"
378,Pike,Pike,[sqlproxy.007hk6n1m17pjz15wwilw0ijzhd4].[usr:COVID-19 Doses Administered (copy)_1776951594565890067:qk],First COVID-19 Dose Administered,"1,290"
379,Phelps,Phelps,[sqlproxy.007hk6n1m17pjz15wwilw0ijzhd4].[usr:COVID-19 Doses Administered (copy)_1776951594565890067:qk],First COVID-19 Dose Administered,"3,051"
380,Pettis,Pettis,[sqlproxy.007hk6n1m17pjz15wwilw0ijzhd4].[usr:COVID-19 Doses Administered (copy)_1776951594565890067:qk],First COVID-19 Dose Administered,"4,660"
381,Perry,Perry,[sqlproxy.007hk6n1m17pjz15wwilw0ijzhd4].[usr:COVID-19 Doses Administered (copy)_1776951594565890067:qk],First COVID-19 Dose Administered,"2,283"
382,Pemiscot,Pemiscot,[sqlproxy.007hk6n1m17pjz15wwilw0ijzhd4].[usr:COVID-19 Doses Administered (copy)_1776951594565890067:qk],First COVID-19 Dose Administered,687
383,Ozark,Ozark,[sqlproxy.007hk6n1m17pjz15wwilw0ijzhd4].[usr:COVID-19 Doses Administered (copy)_1776951594565890067:qk],First COVID-19 Dose Administered,573
384,Osage,Osage,[sqlproxy.007hk6n1m17pjz15wwilw0ijzhd4].[usr:COVID-19 Doses Administered (copy)_1776951594565890067:qk],First COVID-19 Dose Administered,"1,137"
385,Oregon,Oregon,[sqlproxy.007hk6n1m17pjz15wwilw0ijzhd4].[usr:COVID-19 Doses Administered (copy)_1776951594565890067:qk],First COVID-19 Dose Administered,613
386,Nodaway,Nodaway,[sqlproxy.007hk6n1m17pjz15wwilw0ijzhd4].[usr:COVID-19 Doses Administered (copy)_1776951594565890067:qk],First COVID-19 Dose Administered,"2,848"
387,Newton,Newton,[sqlproxy.007hk6n1m17pjz15wwilw0ijzhd4].[usr:COVID-19 Doses Administered (copy)_1776951594565890067:qk],First COVID-19 Dose Administered,"1,910"
388,NewMadrid,NewMadrid,[sqlproxy.007hk6n1m17pjz15wwilw0ijzhd4].[usr:COVID-19 Doses Administered (copy)_1776951594565890067:qk],First COVID-19 Dose Administered,"1,609"
389,Morgan,Morgan,[sqlproxy.007hk6n1m17pjz15wwilw0ijzhd4].[usr:COVID-19 Doses Administered (copy)_1776951594565890067:qk],First COVID-19 Dose Administered,"1,584"
390,Montgomery,Montgomery,[sqlproxy.007hk6n1m17pjz15wwilw0ijzhd4].[usr:COVID-19 Doses Administered (copy)_1776951594565890067:qk],First COVID-19 Dose Administered,"1,422"
391,Monroe,Monroe,[sqlproxy.007hk6n1m17pjz15wwilw0ijzhd4].[usr:COVID-19 Doses Administered (copy)_1776951594565890067:qk],First COVID-19 Dose Administered,"1,221"
392,Moniteau,Moniteau,[sqlproxy.007hk6n1m17pjz15wwilw0ijzhd4].[usr:COVID-19 Doses Administered (copy)_1776951594565890067:qk],First COVID-19 Dose Administered,"1,448"
393,Mississippi,Mississippi,[sqlproxy.007hk6n1m17pjz15wwilw0ijzhd4].[usr:COVID-19 Doses Administered (copy)_1776951594565890067:qk],First COVID-19 Dose Administered,"1,348"
394,Miller,Miller,[sqlproxy.007hk6n1m17pjz15wwilw0ijzhd4].[usr:COVID-19 Doses Administered (copy)_1776951594565890067:qk],First COVID-19 Dose Administered,"1,486"
395,Mercer,Mercer,[sqlproxy.007hk6n1m17pjz15wwilw0ijzhd4].[usr:COVID-19 Doses Administered (copy)_1776951594565890067:qk],First COVID-19 Dose Administered,238
396,McDonald,McDonald,[sqlproxy.007hk6n1m17pjz15wwilw0ijzhd4].[usr:COVID-19 Doses Administered (copy)_1776951594565890067:qk],First COVID-19 Dose Administered,"1,001"
397,Marion,Marion,[sqlproxy.007hk6n1m17pjz15wwilw0ijzhd4].[usr:COVID-19 Doses Administered (copy)_1776951594565890067:qk],First COVID-19 Dose Administered,"3,706"
398,Maries,Maries,[sqlproxy.007hk6n1m17pjz15wwilw0ijzhd4].[usr:COVID-19 Doses Administered (copy)_1776951594565890067:qk],First COVID-19 Dose Administered,553
399,Madison,Madison,[sqlproxy.007hk6n1m17pjz15wwilw0ijzhd4].[usr:COVID-19 Doses Administered (copy)_1776951594565890067:qk],First COVID-19 Dose Administered,"1,046"
400,Macon,Macon,[sqlproxy.007hk6n1m17pjz15wwilw0ijzhd4].[usr:COVID-19 Doses Administered (copy)_1776951594565890067:qk],First COVID-19 Dose Administered,"1,213"
401,Livingston,Livingston,[sqlproxy.007hk6n1m17pjz15wwilw0ijzhd4].[usr:COVID-19 Doses Administered (copy)_1776951594565890067:qk],First COVID-19 Dose Administered,"1,305"
402,Linn,Linn,[sqlproxy.007hk6n1m17pjz15wwilw0ijzhd4].[usr:COVID-19 Doses Administered (copy)_1776951594565890067:qk],First COVID-19 Dose Administered,"1,291"
403,Lincoln,Lincoln,[sqlproxy.007hk6n1m17pjz15wwilw0ijzhd4].[usr:COVID-19 Doses Administered (copy)_1776951594565890067:qk],First COVID-19 Dose Administered,"3,496"
404,Lewis,Lewis,[sqlproxy.007hk6n1m17pjz15wwilw0ijzhd4].[usr:COVID-19 Doses Administered (copy)_1776951594565890067:qk],First COVID-19 Dose Administered,815
405,Lawrence,Lawrence,[sqlproxy.007hk6n1m17pjz15wwilw0ijzhd4].[usr:COVID-19 Doses Administered (copy)_1776951594565890067:qk],First COVID-19 Dose Administered,"1,732"
406,Lafayette,Lafayette,[sqlproxy.007hk6n1m17pjz15wwilw0ijzhd4].[usr:COVID-19 Doses Administered (copy)_1776951594565890067:qk],First COVID-19 Dose Administered,"2,843"
407,Laclede,Laclede,[sqlproxy.007hk6n1m17pjz15wwilw0ijzhd4].[usr:COVID-19 Doses Administered (copy)_1776951594565890067:qk],First COVID-19 Dose Administered,"1,802"
408,Knox,Knox,[sqlproxy.007hk6n1m17pjz15wwilw0ijzhd4].[usr:COVID-19 Doses Administered (copy)_1776951594565890067:qk],First COVID-19 Dose Administered,599
409,Johnson,Johnson,[sqlproxy.007hk6n1m17pjz15wwilw0ijzhd4].[usr:COVID-19 Doses Administered (copy)_1776951594565890067:qk],First COVID-19 Dose Administered,"3,136"
410,Jefferson,Jefferson,[sqlproxy.007hk6n1m17pjz15wwilw0ijzhd4].[usr:COVID-19 Doses Administered (copy)_1776951594565890067:qk],First COVID-19 Dose Administered,"11,671"
411,Jasper,Jasper,[sqlproxy.007hk6n1m17pjz15wwilw0ijzhd4].[usr:COVID-19 Doses Administered (copy)_1776951594565890067:qk],First COVID-19 Dose Administered,"9,316"
412,Jackson,Jackson,[sqlproxy.007hk6n1m17pjz15wwilw0ijzhd4].[usr:COVID-19 Doses Administered (copy)_1776951594565890067:qk],First COVID-19 Dose Administered,"46,342"
413,Iron,Iron,[sqlproxy.007hk6n1m17pjz15wwilw0ijzhd4].[usr:COVID-19 Doses Administered (copy)_1776951594565890067:qk],First COVID-19 Dose Administered,570
414,Howell,Howell,[sqlproxy.007hk6n1m17pjz15wwilw0ijzhd4].[usr:COVID-19 Doses Administered (copy)_1776951594565890067:qk],First COVID-19 Dose Administered,"3,579"
415,Howard,Howard,[sqlproxy.007hk6n1m17pjz15wwilw0ijzhd4].[usr:COVID-19 Doses Administered (copy)_1776951594565890067:qk],First COVID-19 Dose Administered,939
416,Holt,Holt,[sqlproxy.007hk6n1m17pjz15wwilw0ijzhd4].[usr:COVID-19 Doses Administered (copy)_1776951594565890067:qk],First COVID-19 Dose Administered,588
417,Hickory,Hickory,[sqlproxy.007hk6n1m17pjz15wwilw0ijzhd4].[usr:COVID-19 Doses Administered (copy)_1776951594565890067:qk],First COVID-19 Dose Administered,"1,303"
418,Henry,Henry,[sqlproxy.007hk6n1m17pjz15wwilw0ijzhd4].[usr:COVID-19 Doses Administered (copy)_1776951594565890067:qk],First COVID-19 Dose Administered,"2,322"
419,Harrison,Harrison,[sqlproxy.007hk6n1m17pjz15wwilw0ijzhd4].[usr:COVID-19 Doses Administered (copy)_1776951594565890067:qk],First COVID-19 Dose Administered,678
420,Grundy,Grundy,[sqlproxy.007hk6n1m17pjz15wwilw0ijzhd4].[usr:COVID-19 Doses Administered (copy)_1776951594565890067:qk],First COVID-19 Dose Administered,561
421,Greene,Greene,[sqlproxy.007hk6n1m17pjz15wwilw0ijzhd4].[usr:COVID-19 Doses Administered (copy)_1776951594565890067:qk],First COVID-19 Dose Administered,"22,647"
422,Gentry,Gentry,[sqlproxy.007hk6n1m17pjz15wwilw0ijzhd4].[usr:COVID-19 Doses Administered (copy)_1776951594565890067:qk],First COVID-19 Dose Administered,904
423,Gasconade,Gasconade,[sqlproxy.007hk6n1m17pjz15wwilw0ijzhd4].[usr:COVID-19 Doses Administered (copy)_1776951594565890067:qk],First COVID-19 Dose Administered,"1,909"
424,Franklin,Franklin,[sqlproxy.007hk6n1m17pjz15wwilw0ijzhd4].[usr:COVID-19 Doses Administered (copy)_1776951594565890067:qk],First COVID-19 Dose Administered,"7,639"
425,Dunklin,Dunklin,[sqlproxy.007hk6n1m17pjz15wwilw0ijzhd4].[usr:COVID-19 Doses Administered (copy)_1776951594565890067:qk],First COVID-19 Dose Administered,"1,663"
426,Douglas,Douglas,[sqlproxy.007hk6n1m17pjz15wwilw0ijzhd4].[usr:COVID-19 Doses Administered (copy)_1776951594565890067:qk],First COVID-19 Dose Administered,801
427,Dent,Dent,[sqlproxy.007hk6n1m17pjz15wwilw0ijzhd4].[usr:COVID-19 Doses Administered (copy)_1776951594565890067:qk],First COVID-19 Dose Administered,743
428,DeKalb,DeKalb,[sqlproxy.007hk6n1m17pjz15wwilw0ijzhd4].[usr:COVID-19 Doses Administered (copy)_1776951594565890067:qk],First COVID-19 Dose Administered,628
429,Daviess,Daviess,[sqlproxy.007hk6n1m17pjz15wwilw0ijzhd4].[usr:COVID-19 Doses Administered (copy)_1776951594565890067:qk],First COVID-19 Dose Administered,590
430,Dallas,Dallas,[sqlproxy.007hk6n1m17pjz15wwilw0ijzhd4].[usr:COVID-19 Doses Administered (copy)_1776951594565890067:qk],First COVID-19 Dose Administered,934
431,Dade,Dade,[sqlproxy.007hk6n1m17pjz15wwilw0ijzhd4].[usr:COVID-19 Doses Administered (copy)_1776951594565890067:qk],First COVID-19 Dose Administered,773
432,Crawford,Crawford,[sqlproxy.007hk6n1m17pjz15wwilw0ijzhd4].[usr:COVID-19 Doses Administered (copy)_1776951594565890067:qk],First COVID-19 Dose Administered,918
433,Cooper,Cooper,[sqlproxy.007hk6n1m17pjz15wwilw0ijzhd4].[usr:COVID-19 Doses Administered (copy)_1776951594565890067:qk],First COVID-19 Dose Administered,"2,016"
434,Cole,Cole,[sqlproxy.007hk6n1m17pjz15wwilw0ijzhd4].[usr:COVID-19 Doses Administered (copy)_1776951594565890067:qk],First COVID-19 Dose Administered,"9,635"
435,Clinton,Clinton,[sqlproxy.007hk6n1m17pjz15wwilw0ijzhd4].[usr:COVID-19 Doses Administered (copy)_1776951594565890067:qk],First COVID-19 Dose Administered,"1,561"
436,Clay,Clay,[sqlproxy.007hk6n1m17pjz15wwilw0ijzhd4].[usr:COVID-19 Doses Administered (copy)_1776951594565890067:qk],First COVID-19 Dose Administered,"18,805"
437,Clark,Clark,[sqlproxy.007hk6n1m17pjz15wwilw0ijzhd4].[usr:COVID-19 Doses Administered (copy)_1776951594565890067:qk],First COVID-19 Dose Administered,379
438,Christian,Christian,[sqlproxy.007hk6n1m17pjz15wwilw0ijzhd4].[usr:COVID-19 Doses Administered (copy)_1776951594565890067:qk],First COVID-19 Dose Administered,"6,427"
439,Chariton,Chariton,[sqlproxy.007hk6n1m17pjz15wwilw0ijzhd4].[usr:COVID-19 Doses Administered (copy)_1776951594565890067:qk],First COVID-19 Dose Administered,823
440,Cedar,Cedar,[sqlproxy.007hk6n1m17pjz15wwilw0ijzhd4].[usr:COVID-19 Doses Administered (copy)_1776951594565890067:qk],First COVID-19 Dose Administered,870
441,Cass,Cass,[sqlproxy.007hk6n1m17pjz15wwilw0ijzhd4].[usr:COVID-19 Doses Administered (copy)_1776951594565890067:qk],First COVID-19 Dose Administered,"5,756"
442,Carter,Carter,[sqlproxy.007hk6n1m17pjz15wwilw0ijzhd4].[usr:COVID-19 Doses Administered (copy)_1776951594565890067:qk],First COVID-19 Dose Administered,670
443,Carroll,Carroll,[sqlproxy.007hk6n1m17pjz15wwilw0ijzhd4].[usr:COVID-19 Doses Administered (copy)_1776951594565890067:qk],First COVID-19 Dose Administered,570
444,Cape Girardeau,Cape Girardeau,[sqlproxy.007hk6n1m17pjz15wwilw0ijzhd4].[usr:COVID-19 Doses Administered (copy)_1776951594565890067:qk],First COVID-19 Dose Administered,"11,349"
445,Camden,Camden,[sqlproxy.007hk6n1m17pjz15wwilw0ijzhd4].[usr:COVID-19 Doses Administered (copy)_1776951594565890067:qk],First COVID-19 Dose Administered,"4,223"
446,Callaway,Callaway,[sqlproxy.007hk6n1m17pjz15wwilw0ijzhd4].[usr:COVID-19 Doses Administered (copy)_1776951594565890067:qk],First COVID-19 Dose Administered,"4,167"
447,Caldwell,Caldwell,[sqlproxy.007hk6n1m17pjz15wwilw0ijzhd4].[usr:COVID-19 Doses Administered (copy)_1776951594565890067:qk],First COVID-19 Dose Administered,500
448,Butler,Butler,[sqlproxy.007hk6n1m17pjz15wwilw0ijzhd4].[usr:COVID-19 Doses Administered (copy)_1776951594565890067:qk],First COVID-19 Dose Administered,"3,277"
449,Buchanan,Buchanan,[sqlproxy.007hk6n1m17pjz15wwilw0ijzhd4].[usr:COVID-19 Doses Administered (copy)_1776951594565890067:qk],First COVID-19 Dose Administered,"5,837"
450,Boone,Boone,[sqlproxy.007hk6n1m17pjz15wwilw0ijzhd4].[usr:COVID-19 Doses Administered (copy)_1776951594565890067:qk],First COVID-19 Dose Administered,"21,833"
451,Bollinger,Bollinger,[sqlproxy.007hk6n1m17pjz15wwilw0ijzhd4].[usr:COVID-19 Doses Administered (copy)_1776951594565890067:qk],First COVID-19 Dose Administered,"1,234"
452,Benton,Benton,[sqlproxy.007hk6n1m17pjz15wwilw0ijzhd4].[usr:COVID-19 Doses Administered (copy)_1776951594565890067:qk],First COVID-19 Dose Administered,"2,170"
453,Bates,Bates,[sqlproxy.007hk6n1m17pjz15wwilw0ijzhd4].[usr:COVID-19 Doses Administered (copy)_1776951594565890067:qk],First COVID-19 Dose Administered,984
454,Barton,Barton,[sqlproxy.007hk6n1m17pjz15wwilw0ijzhd4].[usr:COVID-19 Doses Administered (copy)_1776951594565890067:qk],First COVID-19 Dose Administered,600
455,Barry,Barry,[sqlproxy.007hk6n1m17pjz15wwilw0ijzhd4].[usr:COVID-19 Doses Administered (copy)_1776951594565890067:qk],First COVID-19 Dose Administered,"1,507"
456,Audrain,Audrain,[sqlproxy.007hk6n1m17pjz15wwilw0ijzhd4].[usr:COVID-19 Doses Administered (copy)_1776951594565890067:qk],First COVID-19 Dose Administered,"2,773"
457,Atchison,Atchison,[sqlproxy.007hk6n1m17pjz15wwilw0ijzhd4].[usr:COVID-19 Doses Administered (copy)_1776951594565890067:qk],First COVID-19 Dose Administered,826
458,Andrew,Andrew,[sqlproxy.007hk6n1m17pjz15wwilw0ijzhd4].[usr:COVID-19 Doses Administered (copy)_1776951594565890067:qk],First COVID-19 Dose Administered,"1,776"
459,Adair,Adair,[sqlproxy.007hk6n1m17pjz15wwilw0ijzhd4].[usr:COVID-19 Doses Administered (copy)_1776951594565890067:qk],First COVID-19 Dose Administered,"1,558"
460,Wright,Wright,[sqlproxy.007hk6n1m17pjz15wwilw0ijzhd4].[usr:Calculation_756604801031565314:qk],Total COVID-19 Doses Administered,"1,099"
461,Worth,Worth,[sqlproxy.007hk6n1m17pjz15wwilw0ijzhd4].[usr:Calculation_756604801031565314:qk],Total COVID-19 Doses Administered,312
462,Webster,Webster,[sqlproxy.007hk6n1m17pjz15wwilw0ijzhd4].[usr:Calculation_756604801031565314:qk],Total COVID-19 Doses Administered,"3,682"
463,Wayne,Wayne,[sqlproxy.007hk6n1m17pjz15wwilw0ijzhd4].[usr:Calculation_756604801031565314:qk],Total COVID-19 Doses Administered,977
464,Washington,Washington,[sqlproxy.007hk6n1m17pjz15wwilw0ijzhd4].[usr:Calculation_756604801031565314:qk],Total COVID-19 Doses Administered,"1,807"
465,Warren,Warren,[sqlproxy.007hk6n1m17pjz15wwilw0ijzhd4].[usr:Calculation_756604801031565314:qk],Total COVID-19 Doses Administered,"2,150"
466,Vernon,Vernon,[sqlproxy.007hk6n1m17pjz15wwilw0ijzhd4].[usr:Calculation_756604801031565314:qk],Total COVID-19 Doses Administered,"1,800"
467,Texas,Texas,[sqlproxy.007hk6n1m17pjz15wwilw0ijzhd4].[usr:Calculation_756604801031565314:qk],Total COVID-19 Doses Administered,"1,645"
468,Taney,Taney,[sqlproxy.007hk6n1m17pjz15wwilw0ijzhd4].[usr:Calculation_756604801031565314:qk],Total COVID-19 Doses Administered,"3,644"
469,Sullivan,Sullivan,[sqlproxy.007hk6n1m17pjz15wwilw0ijzhd4].[usr:Calculation_756604801031565314:qk],Total COVID-19 Doses Administered,620
470,Stone,Stone,[sqlproxy.007hk6n1m17pjz15wwilw0ijzhd4].[usr:Calculation_756604801031565314:qk],Total COVID-19 Doses Administered,"2,332"
471,Stoddard,Stoddard,[sqlproxy.007hk6n1m17pjz15wwilw0ijzhd4].[usr:Calculation_756604801031565314:qk],Total COVID-19 Doses Administered,"2,923"
472,Ste. Genevieve,Ste. Genevieve,[sqlproxy.007hk6n1m17pjz15wwilw0ijzhd4].[usr:Calculation_756604801031565314:qk],Total COVID-19 Doses Administered,"2,304"
473,St. Louis City,St. Louis City,[sqlproxy.007hk6n1m17pjz15wwilw0ijzhd4].[usr:Calculation_756604801031565314:qk],Total COVID-19 Doses Administered,"27,953"
474,St. Louis,St. Louis,[sqlproxy.007hk6n1m17pjz15wwilw0ijzhd4].[usr:Calculation_756604801031565314:qk],Total COVID-19 Doses Administered,"105,895"
475,St. Francois,St. Francois,[sqlproxy.007hk6n1m17pjz15wwilw0ijzhd4].[usr:Calculation_756604801031565314:qk],Total COVID-19 Doses Administered,"6,394"
476,St. Clair,St. Clair,[sqlproxy.007hk6n1m17pjz15wwilw0ijzhd4].[usr:Calculation_756604801031565314:qk],Total COVID-19 Doses Administered,712
477,St. Charles,St. Charles,[sqlproxy.007hk6n1m17pjz15wwilw0ijzhd4].[usr:Calculation_756604801031565314:qk],Total COVID-19 Doses Administered,"37,137"
478,Shelby,Shelby,[sqlproxy.007hk6n1m17pjz15wwilw0ijzhd4].[usr:Calculation_756604801031565314:qk],Total COVID-19 Doses Administered,"1,208"
479,Shannon,Shannon,[sqlproxy.007hk6n1m17pjz15wwilw0ijzhd4].[usr:Calculation_756604801031565314:qk],Total COVID-19 Doses Administered,430
480,Scott,Scott,[sqlproxy.007hk6n1m17pjz15wwilw0ijzhd4].[usr:Calculation_756604801031565314:qk],Total COVID-19 Doses Administered,"6,357"
481,Scotland,Scotland,[sqlproxy.007hk6n1m17pjz15wwilw0ijzhd4].[usr:Calculation_756604801031565314:qk],Total COVID-19 Doses Administered,565
482,Schuyler,Schuyler,[sqlproxy.007hk6n1m17pjz15wwilw0ijzhd4].[usr:Calculation_756604801031565314:qk],Total COVID-19 Doses Administered,313
483,Saline,Saline,[sqlproxy.007hk6n1m17pjz15wwilw0ijzhd4].[usr:Calculation_756604801031565314:qk],Total COVID-19 Doses Administered,"3,274"
484,Ripley,Ripley,[sqlproxy.007hk6n1m17pjz15wwilw0ijzhd4].[usr:Calculation_756604801031565314:qk],Total COVID-19 Doses Administered,"1,469"
485,Reynolds,Reynolds,[sqlproxy.007hk6n1m17pjz15wwilw0ijzhd4].[usr:Calculation_756604801031565314:qk],Total COVID-19 Doses Administered,228
486,Ray,Ray,[sqlproxy.007hk6n1m17pjz15wwilw0ijzhd4].[usr:Calculation_756604801031565314:qk],Total COVID-19 Doses Administered,"1,947"
487,Randolph,Randolph,[sqlproxy.007hk6n1m17pjz15wwilw0ijzhd4].[usr:Calculation_756604801031565314:qk],Total COVID-19 Doses Administered,"2,422"
488,Ralls,Ralls,[sqlproxy.007hk6n1m17pjz15wwilw0ijzhd4].[usr:Calculation_756604801031565314:qk],Total COVID-19 Doses Administered,"1,016"
489,Putnam,Putnam,[sqlproxy.007hk6n1m17pjz15wwilw0ijzhd4].[usr:Calculation_756604801031565314:qk],Total COVID-19 Doses Administered,448
490,Pulaski,Pulaski,[sqlproxy.007hk6n1m17pjz15wwilw0ijzhd4].[usr:Calculation_756604801031565314:qk],Total COVID-19 Doses Administered,"2,331"
491,Polk,Polk,[sqlproxy.007hk6n1m17pjz15wwilw0ijzhd4].[usr:Calculation_756604801031565314:qk],Total COVID-19 Doses Administered,"3,189"
492,Platte,Platte,[sqlproxy.007hk6n1m17pjz15wwilw0ijzhd4].[usr:Calculation_756604801031565314:qk],Total COVID-19 Doses Administered,"9,887"
493,Pike,Pike,[sqlproxy.007hk6n1m17pjz15wwilw0ijzhd4].[usr:Calculation_756604801031565314:qk],Total COVID-19 Doses Administered,"1,499"
494,Phelps,Phelps,[sqlproxy.007hk6n1m17pjz15wwilw0ijzhd4].[usr:Calculation_756604801031565314:qk],Total COVID-19 Doses Administered,"4,466"
495,Pettis,Pettis,[sqlproxy.007hk6n1m17pjz15wwilw0ijzhd4].[usr:Calculation_756604801031565314:qk],Total COVID-19 Doses Administered,"5,424"
496,Perry,Perry,[sqlproxy.007hk6n1m17pjz15wwilw0ijzhd4].[usr:Calculation_756604801031565314:qk],Total COVID-19 Doses Administered,"2,538"
497,Pemiscot,Pemiscot,[sqlproxy.007hk6n1m17pjz15wwilw0ijzhd4].[usr:Calculation_756604801031565314:qk],Total COVID-19 Doses Administered,789
498,Ozark,Ozark,[sqlproxy.007hk6n1m17pjz15wwilw0ijzhd4].[usr:Calculation_756604801031565314:qk],Total COVID-19 Doses Administered,627
499,Osage,Osage,[sqlproxy.007hk6n1m17pjz15wwilw0ijzhd4].[usr:Calculation_756604801031565314:qk],Total COVID-19 Doses Administered,"1,283"
500,Oregon,Oregon,[sqlproxy.007hk6n1m17pjz15wwilw0ijzhd4].[usr:Calculation_756604801031565314:qk],Total COVID-19 Doses Administered,739
501,Nodaway,Nodaway,[sqlproxy.007hk6n1m17pjz15wwilw0ijzhd4].[usr:Calculation_756604801031565314:qk],Total COVID-19 Doses Administered,"3,213"
502,Newton,Newton,[sqlproxy.007hk6n1m17pjz15wwilw0ijzhd4].[usr:Calculation_756604801031565314:qk],Total COVID-19 Doses Administered,"2,565"
503,NewMadrid,NewMadrid,[sqlproxy.007hk6n1m17pjz15wwilw0ijzhd4].[usr:Calculation_756604801031565314:qk],Total COVID-19 Doses Administered,"1,881"
504,Morgan,Morgan,[sqlproxy.007hk6n1m17pjz15wwilw0ijzhd4].[usr:Calculation_756604801031565314:qk],Total COVID-19 Doses Administered,"1,822"
505,Montgomery,Montgomery,[sqlproxy.007hk6n1m17pjz15wwilw0ijzhd4].[usr:Calculation_756604801031565314:qk],Total COVID-19 Doses Administered,"1,594"
506,Monroe,Monroe,[sqlproxy.007hk6n1m17pjz15wwilw0ijzhd4].[usr:Calculation_756604801031565314:qk],Total COVID-19 Doses Administered,"1,410"
507,Moniteau,Moniteau,[sqlproxy.007hk6n1m17pjz15wwilw0ijzhd4].[usr:Calculation_756604801031565314:qk],Total COVID-19 Doses Administered,"1,675"
508,Mississippi,Mississippi,[sqlproxy.007hk6n1m17pjz15wwilw0ijzhd4].[usr:Calculation_756604801031565314:qk],Total COVID-19 Doses Administered,"1,548"
509,Miller,Miller,[sqlproxy.007hk6n1m17pjz15wwilw0ijzhd4].[usr:Calculation_756604801031565314:qk],Total COVID-19 Doses Administered,"1,801"
510,Mercer,Mercer,[sqlproxy.007hk6n1m17pjz15wwilw0ijzhd4].[usr:Calculation_756604801031565314:qk],Total COVID-19 Doses Administered,264
511,McDonald,McDonald,[sqlproxy.007hk6n1m17pjz15wwilw0ijzhd4].[usr:Calculation_756604801031565314:qk],Total COVID-19 Doses Administered,"1,163"
512,Marion,Marion,[sqlproxy.007hk6n1m17pjz15wwilw0ijzhd4].[usr:Calculation_756604801031565314:qk],Total COVID-19 Doses Administered,"4,422"
513,Maries,Maries,[sqlproxy.007hk6n1m17pjz15wwilw0ijzhd4].[usr:Calculation_756604801031565314:qk],Total COVID-19 Doses Administered,683
514,Madison,Madison,[sqlproxy.007hk6n1m17pjz15wwilw0ijzhd4].[usr:Calculation_756604801031565314:qk],Total COVID-19 Doses Administered,"1,244"
515,Macon,Macon,[sqlproxy.007hk6n1m17pjz15wwilw0ijzhd4].[usr:Calculation_756604801031565314:qk],Total COVID-19 Doses Administered,"1,414"
516,Livingston,Livingston,[sqlproxy.007hk6n1m17pjz15wwilw0ijzhd4].[usr:Calculation_756604801031565314:qk],Total COVID-19 Doses Administered,"1,627"
517,Linn,Linn,[sqlproxy.007hk6n1m17pjz15wwilw0ijzhd4].[usr:Calculation_756604801031565314:qk],Total COVID-19 Doses Administered,"1,480"
518,Lincoln,Lincoln,[sqlproxy.007hk6n1m17pjz15wwilw0ijzhd4].[usr:Calculation_756604801031565314:qk],Total COVID-19 Doses Administered,"4,207"
519,Lewis,Lewis,[sqlproxy.007hk6n1m17pjz15wwilw0ijzhd4].[usr:Calculation_756604801031565314:qk],Total COVID-19 Doses Administered,868
520,Lawrence,Lawrence,[sqlproxy.007hk6n1m17pjz15wwilw0ijzhd4].[usr:Calculation_756604801031565314:qk],Total COVID-19 Doses Administered,"2,189"
521,Lafayette,Lafayette,[sqlproxy.007hk6n1m17pjz15wwilw0ijzhd4].[usr:Calculation_756604801031565314:qk],Total COVID-19 Doses Administered,"3,519"
522,Laclede,Laclede,[sqlproxy.007hk6n1m17pjz15wwilw0ijzhd4].[usr:Calculation_756604801031565314:qk],Total COVID-19 Doses Administered,"2,479"
523,Knox,Knox,[sqlproxy.007hk6n1m17pjz15wwilw0ijzhd4].[usr:Calculation_756604801031565314:qk],Total COVID-19 Doses Administered,643
524,Johnson,Johnson,[sqlproxy.007hk6n1m17pjz15wwilw0ijzhd4].[usr:Calculation_756604801031565314:qk],Total COVID-19 Doses Administered,"3,838"
525,Jefferson,Jefferson,[sqlproxy.007hk6n1m17pjz15wwilw0ijzhd4].[usr:Calculation_756604801031565314:qk],Total COVID-19 Doses Administered,"16,262"
526,Jasper,Jasper,[sqlproxy.007hk6n1m17pjz15wwilw0ijzhd4].[usr:Calculation_756604801031565314:qk],Total COVID-19 Doses Administered,"12,417"
527,Jackson,Jackson,[sqlproxy.007hk6n1m17pjz15wwilw0ijzhd4].[usr:Calculation_756604801031565314:qk],Total COVID-19 Doses Administered,"62,411"
528,Iron,Iron,[sqlproxy.007hk6n1m17pjz15wwilw0ijzhd4].[usr:Calculation_756604801031565314:qk],Total COVID-19 Doses Administered,729
529,Howell,Howell,[sqlproxy.007hk6n1m17pjz15wwilw0ijzhd4].[usr:Calculation_756604801031565314:qk],Total COVID-19 Doses Administered,"4,139"
530,Howard,Howard,[sqlproxy.007hk6n1m17pjz15wwilw0ijzhd4].[usr:Calculation_756604801031565314:qk],Total COVID-19 Doses Administered,"1,080"
531,Holt,Holt,[sqlproxy.007hk6n1m17pjz15wwilw0ijzhd4].[usr:Calculation_756604801031565314:qk],Total COVID-19 Doses Administered,687
532,Hickory,Hickory,[sqlproxy.007hk6n1m17pjz15wwilw0ijzhd4].[usr:Calculation_756604801031565314:qk],Total COVID-19 Doses Administered,"1,382"
533,Henry,Henry,[sqlproxy.007hk6n1m17pjz15wwilw0ijzhd4].[usr:Calculation_756604801031565314:qk],Total COVID-19 Doses Administered,"2,650"
534,Harrison,Harrison,[sqlproxy.007hk6n1m17pjz15wwilw0ijzhd4].[usr:Calculation_756604801031565314:qk],Total COVID-19 Doses Administered,797
535,Grundy,Grundy,[sqlproxy.007hk6n1m17pjz15wwilw0ijzhd4].[usr:Calculation_756604801031565314:qk],Total COVID-19 Doses Administered,691
536,Greene,Greene,[sqlproxy.007hk6n1m17pjz15wwilw0ijzhd4].[usr:Calculation_756604801031565314:qk],Total COVID-19 Doses Administered,"32,246"
537,Gentry,Gentry,[sqlproxy.007hk6n1m17pjz15wwilw0ijzhd4].[usr:Calculation_756604801031565314:qk],Total COVID-19 Doses Administered,"1,110"
538,Gasconade,Gasconade,[sqlproxy.007hk6n1m17pjz15wwilw0ijzhd4].[usr:Calculation_756604801031565314:qk],Total COVID-19 Doses Administered,"2,278"
539,Franklin,Franklin,[sqlproxy.007hk6n1m17pjz15wwilw0ijzhd4].[usr:Calculation_756604801031565314:qk],Total COVID-19 Doses Administered,"10,240"
540,Dunklin,Dunklin,[sqlproxy.007hk6n1m17pjz15wwilw0ijzhd4].[usr:Calculation_756604801031565314:qk],Total COVID-19 Doses Administered,"1,897"
541,Douglas,Douglas,[sqlproxy.007hk6n1m17pjz15wwilw0ijzhd4].[usr:Calculation_756604801031565314:qk],Total COVID-19 Doses Administered,"1,004"
542,Dent,Dent,[sqlproxy.007hk6n1m17pjz15wwilw0ijzhd4].[usr:Calculation_756604801031565314:qk],Total COVID-19 Doses Administered,"1,025"
543,DeKalb,DeKalb,[sqlproxy.007hk6n1m17pjz15wwilw0ijzhd4].[usr:Calculation_756604801031565314:qk],Total COVID-19 Doses Administered,764
544,Daviess,Daviess,[sqlproxy.007hk6n1m17pjz15wwilw0ijzhd4].[usr:Calculation_756604801031565314:qk],Total COVID-19 Doses Administered,703
545,Dallas,Dallas,[sqlproxy.007hk6n1m17pjz15wwilw0ijzhd4].[usr:Calculation_756604801031565314:qk],Total COVID-19 Doses Administered,"1,123"
546,Dade,Dade,[sqlproxy.007hk6n1m17pjz15wwilw0ijzhd4].[usr:Calculation_756604801031565314:qk],Total COVID-19 Doses Administered,949
547,Crawford,Crawford,[sqlproxy.007hk6n1m17pjz15wwilw0ijzhd4].[usr:Calculation_756604801031565314:qk],Total COVID-19 Doses Administered,"1,149"
548,Cooper,Cooper,[sqlproxy.007hk6n1m17pjz15wwilw0ijzhd4].[usr:Calculation_756604801031565314:qk],Total COVID-19 Doses Administered,"2,349"
549,Cole,Cole,[sqlproxy.007hk6n1m17pjz15wwilw0ijzhd4].[usr:Calculation_756604801031565314:qk],Total COVID-19 Doses Administered,"11,418"
550,Clinton,Clinton,[sqlproxy.007hk6n1m17pjz15wwilw0ijzhd4].[usr:Calculation_756604801031565314:qk],Total COVID-19 Doses Administered,"2,048"
551,Clay,Clay,[sqlproxy.007hk6n1m17pjz15wwilw0ijzhd4].[usr:Calculation_756604801031565314:qk],Total COVID-19 Doses Administered,"25,419"
552,Clark,Clark,[sqlproxy.007hk6n1m17pjz15wwilw0ijzhd4].[usr:Calculation_756604801031565314:qk],Total COVID-19 Doses Administered,399
553,Christian,Christian,[sqlproxy.007hk6n1m17pjz15wwilw0ijzhd4].[usr:Calculation_756604801031565314:qk],Total COVID-19 Doses Administered,"9,072"
554,Chariton,Chariton,[sqlproxy.007hk6n1m17pjz15wwilw0ijzhd4].[usr:Calculation_756604801031565314:qk],Total COVID-19 Doses Administered,901
555,Cedar,Cedar,[sqlproxy.007hk6n1m17pjz15wwilw0ijzhd4].[usr:Calculation_756604801031565314:qk],Total COVID-19 Doses Administered,"1,056"
556,Cass,Cass,[sqlproxy.007hk6n1m17pjz15wwilw0ijzhd4].[usr:Calculation_756604801031565314:qk],Total COVID-19 Doses Administered,"7,617"
557,Carter,Carter,[sqlproxy.007hk6n1m17pjz15wwilw0ijzhd4].[usr:Calculation_756604801031565314:qk],Total COVID-19 Doses Administered,738
558,Carroll,Carroll,[sqlproxy.007hk6n1m17pjz15wwilw0ijzhd4].[usr:Calculation_756604801031565314:qk],Total COVID-19 Doses Administered,751
559,Cape Girardeau,Cape Girardeau,[sqlproxy.007hk6n1m17pjz15wwilw0ijzhd4].[usr:Calculation_756604801031565314:qk],Total COVID-19 Doses Administered,"14,186"
560,Camden,Camden,[sqlproxy.007hk6n1m17pjz15wwilw0ijzhd4].[usr:Calculation_756604801031565314:qk],Total COVID-19 Doses Administered,"5,014"
561,Callaway,Callaway,[sqlproxy.007hk6n1m17pjz15wwilw0ijzhd4].[usr:Calculation_756604801031565314:qk],Total COVID-19 Doses Administered,"5,584"
562,Caldwell,Caldwell,[sqlproxy.007hk6n1m17pjz15wwilw0ijzhd4].[usr:Calculation_756604801031565314:qk],Total COVID-19 Doses Administered,708
563,Butler,Butler,[sqlproxy.007hk6n1m17pjz15wwilw0ijzhd4].[usr:Calculation_756604801031565314:qk],Total COVID-19 Doses Administered,"3,991"
564,Buchanan,Buchanan,[sqlproxy.007hk6n1m17pjz15wwilw0ijzhd4].[usr:Calculation_756604801031565314:qk],Total COVID-19 Doses Administered,"7,483"
565,Boone,Boone,[sqlproxy.007hk6n1m17pjz15wwilw0ijzhd4].[usr:Calculation_756604801031565314:qk],Total COVID-19 Doses Administered,"30,539"
566,Bollinger,Bollinger,[sqlproxy.007hk6n1m17pjz15wwilw0ijzhd4].[usr:Calculation_756604801031565314:qk],Total COVID-19 Doses Administered,"1,383"
567,Benton,Benton,[sqlproxy.007hk6n1m17pjz15wwilw0ijzhd4].[usr:Calculation_756604801031565314:qk],Total COVID-19 Doses Administered,"2,484"
568,Bates,Bates,[sqlproxy.007hk6n1m17pjz15wwilw0ijzhd4].[usr:Calculation_756604801031565314:qk],Total COVID-19 Doses Administered,"1,302"
569,Barton,Barton,[sqlproxy.007hk6n1m17pjz15wwilw0ijzhd4].[usr:Calculation_756604801031565314:qk],Total COVID-19 Doses Administered,753
570,Barry,Barry,[sqlproxy.007hk6n1m17pjz15wwilw0ijzhd4].[usr:Calculation_756604801031565314:qk],Total COVID-19 Doses Administered,"1,943"
571,Audrain,Audrain,[sqlproxy.007hk6n1m17pjz15wwilw0ijzhd4].[usr:Calculation_756604801031565314:qk],Total COVID-19 Doses Administered,"3,145"
572,Atchison,Atchison,[sqlproxy.007hk6n1m17pjz15wwilw0ijzhd4].[usr:Calculation_756604801031565314:qk],Total COVID-19 Doses Administered,961
573,Andrew,Andrew,[sqlproxy.007hk6n1m17pjz15wwilw0ijzhd4].[usr:Calculation_756604801031565314:qk],Total COVID-19 Doses Administered,"2,138"
574,Adair,Adair,[sqlproxy.007hk6n1m17pjz15wwilw0ijzhd4].[usr:Calculation_756604801031565314:qk],Total COVID-19 Doses Administered,"2,516"
